-- phpMyAdmin SQL Dump
-- version 5.2.0
-- https://www.phpmyadmin.net/
--
-- Host: 127.0.0.1
-- Generation Time: Feb 16, 2024 at 06:50 AM
-- Server version: 10.4.27-MariaDB
-- PHP Version: 8.2.0

SET SQL_MODE = "NO_AUTO_VALUE_ON_ZERO";
START TRANSACTION;
SET time_zone = "+00:00";


/*!40101 SET @OLD_CHARACTER_SET_CLIENT=@@CHARACTER_SET_CLIENT */;
/*!40101 SET @OLD_CHARACTER_SET_RESULTS=@@CHARACTER_SET_RESULTS */;
/*!40101 SET @OLD_COLLATION_CONNECTION=@@COLLATION_CONNECTION */;
/*!40101 SET NAMES utf8mb4 */;

--
-- Database: `pharmacy_api`
--

-- --------------------------------------------------------

--
-- Table structure for table `drugs`
--

CREATE TABLE `drugs` (
  `id` bigint(20) UNSIGNED NOT NULL,
  `name` varchar(255) NOT NULL,
  `description` text DEFAULT NULL,
  `supplier_id` bigint(20) UNSIGNED DEFAULT NULL,
  `created_at` timestamp NULL DEFAULT NULL,
  `updated_at` timestamp NULL DEFAULT NULL
) ENGINE=InnoDB DEFAULT CHARSET=utf8mb4 COLLATE=utf8mb4_unicode_ci;

--
-- Dumping data for table `drugs`
--

INSERT INTO `drugs` (`id`, `name`, `description`, `supplier_id`, `created_at`, `updated_at`) VALUES
(1, 'exercitationem', 'Velit optio quam doloremque corporis tenetur voluptas.', 288, '2024-02-15 19:33:42', '2024-02-15 19:33:42'),
(2, 'et', 'Mollitia soluta velit id et voluptatibus.', 134, '2024-02-15 19:33:42', '2024-02-15 19:33:42'),
(3, 'esse', 'Non non incidunt vero repellendus est dolor.', 43, '2024-02-15 19:33:42', '2024-02-15 19:33:42'),
(4, 'sit', 'Dolorem rem laudantium aut placeat laborum quo et minima.', 182, '2024-02-15 19:33:42', '2024-02-15 19:33:42'),
(5, 'vel', 'Veniam qui nesciunt unde ut explicabo odit.', 146, '2024-02-15 19:33:42', '2024-02-15 19:33:42'),
(6, 'dolores', 'Dolor cum reiciendis sed ab voluptatem quasi animi.', 76, '2024-02-15 19:33:42', '2024-02-15 19:33:42'),
(7, 'quod', 'Harum debitis possimus et repellat odit.', 309, '2024-02-15 19:33:42', '2024-02-15 19:33:42'),
(8, 'ex', 'Cupiditate quisquam nobis accusantium reprehenderit a.', 435, '2024-02-15 19:33:42', '2024-02-15 19:33:42'),
(9, 'sed', 'Et debitis blanditiis veniam modi ut.', 260, '2024-02-15 19:33:42', '2024-02-15 19:33:42'),
(10, 'cum', 'Quia aut ratione omnis qui vitae sapiente.', 390, '2024-02-15 19:33:42', '2024-02-15 19:33:42'),
(11, 'et', 'Omnis harum perferendis in quia doloremque sit fugiat.', 200, '2024-02-15 19:33:42', '2024-02-15 19:33:42'),
(12, 'ut', 'Quia a magni eos nisi et.', 107, '2024-02-15 19:33:42', '2024-02-15 19:33:42'),
(13, 'maiores', 'Minus dolorem et sunt mollitia.', 141, '2024-02-15 19:33:42', '2024-02-15 19:33:42'),
(14, 'ipsa', 'Odio ducimus et neque dolor.', 264, '2024-02-15 19:33:42', '2024-02-15 19:33:42'),
(15, 'sed', 'Quis vel cum voluptatibus.', 45, '2024-02-15 19:33:42', '2024-02-15 19:33:42'),
(16, 'soluta', 'Aut at quo a at eaque occaecati enim.', 308, '2024-02-15 19:33:42', '2024-02-15 19:33:42'),
(17, 'dolorem', 'Molestiae voluptas modi minima quo et harum asperiores.', 39, '2024-02-15 19:33:42', '2024-02-15 19:33:42'),
(18, 'recusandae', 'Soluta maiores aut commodi aut voluptatem.', 68, '2024-02-15 19:33:42', '2024-02-15 19:33:42'),
(19, 'consequatur', 'Est quo id deleniti.', 160, '2024-02-15 19:33:42', '2024-02-15 19:33:42'),
(20, 'reiciendis', 'Repellendus voluptatem et nihil quae quia ut iure.', 413, '2024-02-15 19:33:42', '2024-02-15 19:33:42'),
(21, 'sint', 'Reprehenderit suscipit eligendi fugit consequatur consectetur eveniet id.', 220, '2024-02-15 19:33:42', '2024-02-15 19:33:42'),
(22, 'totam', 'Dignissimos est sint rerum quo accusantium vel.', 468, '2024-02-15 19:33:42', '2024-02-15 19:33:42'),
(23, 'velit', 'Quia assumenda consequatur qui laboriosam quibusdam iste.', 75, '2024-02-15 19:33:42', '2024-02-15 19:33:42'),
(24, 'eaque', 'Fugiat quia voluptas doloribus ut quibusdam dignissimos explicabo.', 244, '2024-02-15 19:33:42', '2024-02-15 19:33:42'),
(25, 'et', 'Et molestiae repudiandae ducimus itaque et.', 311, '2024-02-15 19:33:42', '2024-02-15 19:33:42'),
(26, 'qui', 'Vel rerum et asperiores iste.', 455, '2024-02-15 19:33:42', '2024-02-15 19:33:42'),
(27, 'quia', 'Modi voluptates aliquid voluptate nihil aut.', 143, '2024-02-15 19:33:42', '2024-02-15 19:33:42'),
(28, 'fugit', 'Et praesentium rerum placeat veritatis dignissimos.', 453, '2024-02-15 19:33:42', '2024-02-15 19:33:42'),
(29, 'iusto', 'Cum qui corporis suscipit.', 283, '2024-02-15 19:33:42', '2024-02-15 19:33:42'),
(30, 'dolor', 'Officia cupiditate vel assumenda eum illum adipisci.', 34, '2024-02-15 19:33:42', '2024-02-15 19:33:42'),
(31, 'blanditiis', 'Vel suscipit enim autem aliquam ipsam.', 270, '2024-02-15 19:33:42', '2024-02-15 19:33:42'),
(32, 'nemo', 'Voluptas nobis neque repudiandae libero quae velit et.', 327, '2024-02-15 19:33:42', '2024-02-15 19:33:42'),
(33, 'nesciunt', 'Beatae consequuntur consequatur voluptatum numquam velit nesciunt commodi error.', 345, '2024-02-15 19:33:42', '2024-02-15 19:33:42'),
(34, 'nisi', 'Occaecati fuga repellat voluptatem modi cum rerum.', 156, '2024-02-15 19:33:42', '2024-02-15 19:33:42'),
(35, 'vel', 'Earum dolores accusamus et quo maxime in facere.', 115, '2024-02-15 19:33:42', '2024-02-15 19:33:42'),
(36, 'ab', 'Maxime eaque fugiat eveniet atque recusandae voluptatem.', 117, '2024-02-15 19:33:42', '2024-02-15 19:33:42'),
(37, 'asperiores', 'Dolor veritatis voluptatem dolorem sunt dolor.', 183, '2024-02-15 19:33:42', '2024-02-15 19:33:42'),
(38, 'eveniet', 'Error et rerum eum dolore nisi.', 424, '2024-02-15 19:33:42', '2024-02-15 19:33:42'),
(39, 'dolores', 'Autem ipsam omnis quo ipsam explicabo similique.', 461, '2024-02-15 19:33:42', '2024-02-15 19:33:42'),
(40, 'doloremque', 'Ea rerum sapiente et iusto ut sed.', 56, '2024-02-15 19:33:42', '2024-02-15 19:33:42'),
(41, 'nam', 'Dolor perspiciatis ut mollitia ut dolorum.', 30, '2024-02-15 19:33:42', '2024-02-15 19:33:42'),
(42, 'eos', 'Consequatur deleniti iure qui voluptate error.', 420, '2024-02-15 19:33:42', '2024-02-15 19:33:42'),
(43, 'sit', 'Ad harum doloremque ut sint magni laudantium.', 84, '2024-02-15 19:33:42', '2024-02-15 19:33:42'),
(44, 'omnis', 'Aperiam architecto iure iste consequatur dolores non ut necessitatibus.', 137, '2024-02-15 19:33:42', '2024-02-15 19:33:42'),
(45, 'voluptatem', 'Nesciunt accusantium vel aut et temporibus eius.', 379, '2024-02-15 19:33:42', '2024-02-15 19:33:42'),
(46, 'minima', 'Tenetur culpa est aut quia quo.', 231, '2024-02-15 19:33:42', '2024-02-15 19:33:42'),
(47, 'qui', 'Exercitationem blanditiis deserunt porro nam accusamus.', 313, '2024-02-15 19:33:42', '2024-02-15 19:33:42'),
(48, 'enim', 'Ut mollitia veniam quo eum.', 336, '2024-02-15 19:33:42', '2024-02-15 19:33:42'),
(49, 'magni', 'Labore et nesciunt delectus odio.', 76, '2024-02-15 19:33:42', '2024-02-15 19:33:42'),
(50, 'velit', 'Itaque libero ut eaque quo ut unde modi.', 404, '2024-02-15 19:33:42', '2024-02-15 19:33:42'),
(51, 'vel', 'Voluptatem totam ullam fuga et excepturi.', 6, '2024-02-15 19:33:42', '2024-02-15 19:33:42'),
(52, 'optio', 'Iusto sunt suscipit culpa non.', 213, '2024-02-15 19:33:42', '2024-02-15 19:33:42'),
(53, 'ipsa', 'Est quia ut eveniet sunt doloribus.', 425, '2024-02-15 19:33:42', '2024-02-15 19:33:42'),
(54, 'ad', 'Minima sapiente nobis et voluptates.', 322, '2024-02-15 19:33:42', '2024-02-15 19:33:42'),
(55, 'doloremque', 'Et voluptate qui non neque assumenda corporis non.', 298, '2024-02-15 19:33:42', '2024-02-15 19:33:42'),
(56, 'ipsa', 'Vel voluptatem facere itaque atque.', 81, '2024-02-15 19:33:42', '2024-02-15 19:33:42'),
(57, 'qui', 'Omnis rerum sunt quos autem ut facilis minus.', 425, '2024-02-15 19:33:42', '2024-02-15 19:33:42'),
(58, 'cupiditate', 'Amet commodi voluptas ea exercitationem vel sunt rerum voluptatem.', 229, '2024-02-15 19:33:42', '2024-02-15 19:33:42'),
(59, 'animi', 'Dicta eum in aliquam asperiores nesciunt sit voluptates.', 294, '2024-02-15 19:33:42', '2024-02-15 19:33:42'),
(60, 'qui', 'Aspernatur et eum autem est in facere.', 65, '2024-02-15 19:33:42', '2024-02-15 19:33:42'),
(61, 'mollitia', 'Dolores repellat placeat delectus officiis voluptates qui excepturi doloribus.', 47, '2024-02-15 19:33:42', '2024-02-15 19:33:42'),
(62, 'facere', 'Vitae deserunt modi rerum.', 395, '2024-02-15 19:33:42', '2024-02-15 19:33:42'),
(63, 'sit', 'Non maiores quis recusandae fuga reprehenderit ut dignissimos.', 237, '2024-02-15 19:33:42', '2024-02-15 19:33:42'),
(64, 'et', 'Iste assumenda velit aspernatur omnis.', 458, '2024-02-15 19:33:42', '2024-02-15 19:33:42'),
(65, 'ullam', 'Est tempora nemo sunt nobis.', 221, '2024-02-15 19:33:42', '2024-02-15 19:33:42'),
(66, 'est', 'Ipsa explicabo temporibus atque voluptas voluptatum voluptas dicta voluptatem.', 296, '2024-02-15 19:33:42', '2024-02-15 19:33:42'),
(67, 'asperiores', 'Consequatur consectetur ut culpa quod et a.', 391, '2024-02-15 19:33:42', '2024-02-15 19:33:42'),
(68, 'quasi', 'Beatae quo sequi adipisci ratione.', 130, '2024-02-15 19:33:42', '2024-02-15 19:33:42'),
(69, 'voluptate', 'Adipisci iste ducimus ducimus fugit.', 119, '2024-02-15 19:33:42', '2024-02-15 19:33:42'),
(70, 'vitae', 'Dolor totam quia reprehenderit voluptas.', 448, '2024-02-15 19:33:42', '2024-02-15 19:33:42'),
(71, 'necessitatibus', 'Distinctio molestiae et et incidunt nihil.', 30, '2024-02-15 19:33:42', '2024-02-15 19:33:42'),
(72, 'ad', 'Recusandae voluptates eum tempora nobis voluptatum.', 373, '2024-02-15 19:33:42', '2024-02-15 19:33:42'),
(73, 'ea', 'Et velit error saepe.', 269, '2024-02-15 19:33:42', '2024-02-15 19:33:42'),
(74, 'repellat', 'Optio ea adipisci aut fugit ut sint.', 266, '2024-02-15 19:33:42', '2024-02-15 19:33:42'),
(75, 'dicta', 'Ratione et laborum sit in porro soluta dicta.', 225, '2024-02-15 19:33:42', '2024-02-15 19:33:42'),
(76, 'quae', 'Esse exercitationem eos ut quae dicta eligendi.', 323, '2024-02-15 19:33:42', '2024-02-15 19:33:42'),
(77, 'occaecati', 'Illo voluptatem ex enim iure nisi.', 49, '2024-02-15 19:33:42', '2024-02-15 19:33:42'),
(78, 'nihil', 'Repellat debitis dolor nobis quia id quo.', 488, '2024-02-15 19:33:42', '2024-02-15 19:33:42'),
(79, 'quae', 'Sint rerum culpa nihil harum eius.', 181, '2024-02-15 19:33:42', '2024-02-15 19:33:42'),
(80, 'repudiandae', 'Vitae ipsam sunt ut quibusdam.', 255, '2024-02-15 19:33:42', '2024-02-15 19:33:42'),
(81, 'dolores', 'Dolorem tempora repudiandae voluptatem minima.', 4, '2024-02-15 19:33:42', '2024-02-15 19:33:42'),
(82, 'quia', 'Eum qui minus tenetur a.', 83, '2024-02-15 19:33:42', '2024-02-15 19:33:42'),
(83, 'ut', 'Ut modi et consequatur.', 107, '2024-02-15 19:33:42', '2024-02-15 19:33:42'),
(84, 'id', 'Dolorem est facere sit voluptatem quae a.', 243, '2024-02-15 19:33:42', '2024-02-15 19:33:42'),
(85, 'non', 'Quo est distinctio numquam quas.', 262, '2024-02-15 19:33:42', '2024-02-15 19:33:42'),
(86, 'ab', 'Quia asperiores eius fuga.', 299, '2024-02-15 19:33:42', '2024-02-15 19:33:42'),
(87, 'autem', 'Porro natus ullam quas provident eveniet sapiente.', 41, '2024-02-15 19:33:42', '2024-02-15 19:33:42'),
(88, 'sed', 'Nam quaerat dolor magnam earum error sapiente quae quas.', 147, '2024-02-15 19:33:42', '2024-02-15 19:33:42'),
(89, 'tempore', 'Eveniet enim eum quam tempore voluptatem quidem facilis.', 205, '2024-02-15 19:33:42', '2024-02-15 19:33:42'),
(90, 'officiis', 'Odit eaque assumenda molestiae atque qui nulla.', 339, '2024-02-15 19:33:42', '2024-02-15 19:33:42'),
(91, 'voluptas', 'Id odio eaque iusto veritatis ea dicta enim repudiandae.', 377, '2024-02-15 19:33:42', '2024-02-15 19:33:42'),
(92, 'quidem', 'Laboriosam amet mollitia sequi molestiae voluptate.', 91, '2024-02-15 19:33:42', '2024-02-15 19:33:42'),
(93, 'commodi', 'Qui omnis ex voluptatem at odit.', 417, '2024-02-15 19:33:42', '2024-02-15 19:33:42'),
(94, 'ipsam', 'Nesciunt sit et ea temporibus quis eius.', 107, '2024-02-15 19:33:42', '2024-02-15 19:33:42'),
(95, 'itaque', 'Aspernatur id iure quis exercitationem quod perferendis voluptas.', 368, '2024-02-15 19:33:42', '2024-02-15 19:33:42'),
(96, 'in', 'Omnis reprehenderit ut ducimus omnis reprehenderit.', 153, '2024-02-15 19:33:42', '2024-02-15 19:33:42'),
(97, 'nostrum', 'Est aut rem sapiente reprehenderit repellendus animi error.', 452, '2024-02-15 19:33:42', '2024-02-15 19:33:42'),
(98, 'autem', 'Id est est numquam tempora eum.', 197, '2024-02-15 19:33:42', '2024-02-15 19:33:42'),
(99, 'est', 'Voluptatem voluptatum aut voluptatem aut.', 174, '2024-02-15 19:33:42', '2024-02-15 19:33:42'),
(100, 'aperiam', 'Quia voluptates quidem reprehenderit atque.', 45, '2024-02-15 19:33:42', '2024-02-15 19:33:42'),
(101, 'commodi', 'Aut quis dolorem id et.', 451, '2024-02-15 19:33:42', '2024-02-15 19:33:42'),
(102, 'labore', 'Quia dolores aut et quod tempora fugiat ut.', 217, '2024-02-15 19:33:42', '2024-02-15 19:33:42'),
(103, 'asperiores', 'Pariatur vero quis dolor consequuntur.', 245, '2024-02-15 19:33:42', '2024-02-15 19:33:42'),
(104, 'eos', 'Vel autem sit ea saepe consequatur harum eum soluta.', 120, '2024-02-15 19:33:42', '2024-02-15 19:33:42'),
(105, 'ipsum', 'Dolorem omnis commodi quia similique.', 171, '2024-02-15 19:33:42', '2024-02-15 19:33:42'),
(106, 'possimus', 'Et aliquid officia est labore.', 125, '2024-02-15 19:33:42', '2024-02-15 19:33:42'),
(107, 'atque', 'Ut repudiandae voluptatum itaque sit eos deleniti.', 47, '2024-02-15 19:33:42', '2024-02-15 19:33:42'),
(108, 'magnam', 'Voluptatem tempora est nihil molestiae et.', 425, '2024-02-15 19:33:42', '2024-02-15 19:33:42'),
(109, 'minima', 'Quia sunt quia et aut.', 157, '2024-02-15 19:33:42', '2024-02-15 19:33:42'),
(110, 'qui', 'Voluptates modi hic voluptatem.', 21, '2024-02-15 19:33:42', '2024-02-15 19:33:42'),
(111, 'sapiente', 'Fugiat voluptas reprehenderit a perspiciatis ea dolor eum.', 387, '2024-02-15 19:33:42', '2024-02-15 19:33:42'),
(112, 'ducimus', 'Blanditiis expedita qui explicabo explicabo necessitatibus sint.', 92, '2024-02-15 19:33:42', '2024-02-15 19:33:42'),
(113, 'voluptas', 'Officia eos voluptas harum voluptatem quis.', 74, '2024-02-15 19:33:42', '2024-02-15 19:33:42'),
(114, 'beatae', 'Rerum esse iusto molestias et.', 324, '2024-02-15 19:33:42', '2024-02-15 19:33:42'),
(115, 'nam', 'Voluptas enim maxime minus excepturi.', 382, '2024-02-15 19:33:42', '2024-02-15 19:33:42'),
(116, 'molestiae', 'Eos quia eius sed voluptas aliquid ducimus sit.', 477, '2024-02-15 19:33:42', '2024-02-15 19:33:42'),
(117, 'aperiam', 'Molestias sit et placeat omnis neque.', 279, '2024-02-15 19:33:42', '2024-02-15 19:33:42'),
(118, 'maxime', 'Atque et ut quasi iusto et aut.', 391, '2024-02-15 19:33:42', '2024-02-15 19:33:42'),
(119, 'aut', 'Officia aut tenetur et aspernatur sint.', 48, '2024-02-15 19:33:42', '2024-02-15 19:33:42'),
(120, 'minus', 'Dolor amet similique minima culpa alias.', 165, '2024-02-15 19:33:42', '2024-02-15 19:33:42'),
(121, 'at', 'Ut ipsa dignissimos explicabo aut quibusdam sed.', 209, '2024-02-15 19:33:42', '2024-02-15 19:33:42'),
(122, 'quo', 'Nobis ut facilis quia sit tempora praesentium.', 377, '2024-02-15 19:33:42', '2024-02-15 19:33:42'),
(123, 'nostrum', 'Eos nam corrupti doloremque minima laudantium.', 17, '2024-02-15 19:33:42', '2024-02-15 19:33:42'),
(124, 'vero', 'Sed officiis accusantium dolore numquam vitae.', 309, '2024-02-15 19:33:42', '2024-02-15 19:33:42'),
(125, 'et', 'Facere sequi eligendi earum nam ut.', 457, '2024-02-15 19:33:42', '2024-02-15 19:33:42'),
(126, 'eum', 'Odio blanditiis aut rerum eos deleniti.', 479, '2024-02-15 19:33:42', '2024-02-15 19:33:42'),
(127, 'aperiam', 'Sunt et qui repudiandae laborum est.', 345, '2024-02-15 19:33:42', '2024-02-15 19:33:42'),
(128, 'nihil', 'Laboriosam aut dolorum expedita qui repudiandae.', 485, '2024-02-15 19:33:42', '2024-02-15 19:33:42'),
(129, 'ut', 'Labore consequatur iusto ratione nam.', 280, '2024-02-15 19:33:42', '2024-02-15 19:33:42'),
(130, 'hic', 'Minus consequatur maxime iusto et.', 7, '2024-02-15 19:33:42', '2024-02-15 19:33:42'),
(131, 'natus', 'Quisquam expedita dolorum ratione hic.', 236, '2024-02-15 19:33:42', '2024-02-15 19:33:42'),
(132, 'corporis', 'Distinctio quia laudantium distinctio impedit non.', 99, '2024-02-15 19:33:42', '2024-02-15 19:33:42'),
(133, 'laboriosam', 'Quisquam sed neque repellendus quisquam qui eos consequuntur.', 108, '2024-02-15 19:33:42', '2024-02-15 19:33:42'),
(134, 'provident', 'Odio aut autem impedit id soluta consequatur quis.', 146, '2024-02-15 19:33:42', '2024-02-15 19:33:42'),
(135, 'magni', 'Eaque provident esse autem consequatur veritatis.', 21, '2024-02-15 19:33:42', '2024-02-15 19:33:42'),
(136, 'nulla', 'Doloribus quos dolorem voluptatem molestiae facere.', 382, '2024-02-15 19:33:42', '2024-02-15 19:33:42'),
(137, 'facere', 'Assumenda ea quis aperiam est officia occaecati rerum.', 329, '2024-02-15 19:33:42', '2024-02-15 19:33:42'),
(138, 'hic', 'Sit accusantium culpa aut occaecati laborum dolor eos voluptate.', 5, '2024-02-15 19:33:42', '2024-02-15 19:33:42'),
(139, 'accusamus', 'Occaecati architecto asperiores ea cum unde.', 417, '2024-02-15 19:33:42', '2024-02-15 19:33:42'),
(140, 'sit', 'Atque omnis nobis velit ad omnis in.', 171, '2024-02-15 19:33:42', '2024-02-15 19:33:42'),
(141, 'iste', 'Fugit occaecati inventore laboriosam voluptas vero occaecati eligendi.', 134, '2024-02-15 19:33:42', '2024-02-15 19:33:42'),
(142, 'alias', 'Autem quisquam sint similique quia.', 437, '2024-02-15 19:33:42', '2024-02-15 19:33:42'),
(143, 'voluptatum', 'Et non magni inventore incidunt.', 31, '2024-02-15 19:33:42', '2024-02-15 19:33:42'),
(144, 'eos', 'Sed quo vero et ut quae eum.', 355, '2024-02-15 19:33:42', '2024-02-15 19:33:42'),
(145, 'iure', 'Voluptatibus placeat ullam vero.', 19, '2024-02-15 19:33:42', '2024-02-15 19:33:42'),
(146, 'quam', 'Incidunt eum accusantium sunt.', 249, '2024-02-15 19:33:42', '2024-02-15 19:33:42'),
(147, 'libero', 'Aperiam ab alias fuga voluptas inventore illo quam.', 90, '2024-02-15 19:33:42', '2024-02-15 19:33:42'),
(148, 'vel', 'Laborum recusandae libero repellat quia natus.', 422, '2024-02-15 19:33:42', '2024-02-15 19:33:42'),
(149, 'sequi', 'Provident tempore minima beatae autem dolorum occaecati natus.', 333, '2024-02-15 19:33:42', '2024-02-15 19:33:42'),
(150, 'illum', 'Voluptatibus sapiente ipsum vel dolorem.', 475, '2024-02-15 19:33:42', '2024-02-15 19:33:42'),
(151, 'occaecati', 'Quisquam est qui totam ut nihil atque.', 266, '2024-02-15 19:33:42', '2024-02-15 19:33:42'),
(152, 'earum', 'Debitis labore quod tenetur dolorum atque omnis.', 87, '2024-02-15 19:33:42', '2024-02-15 19:33:42'),
(153, 'vitae', 'Eius nisi aliquid unde non incidunt repellat adipisci.', 209, '2024-02-15 19:33:42', '2024-02-15 19:33:42'),
(154, 'ea', 'Ut est et expedita velit quo.', 82, '2024-02-15 19:33:42', '2024-02-15 19:33:42'),
(155, 'neque', 'Dolor quae aliquid iste nisi.', 63, '2024-02-15 19:33:42', '2024-02-15 19:33:42'),
(156, 'unde', 'Sed velit minus vero.', 88, '2024-02-15 19:33:42', '2024-02-15 19:33:42'),
(157, 'quisquam', 'Ut eveniet temporibus ratione molestiae aut voluptas quos dolor.', 395, '2024-02-15 19:33:42', '2024-02-15 19:33:42'),
(158, 'voluptatem', 'Veritatis fugiat minima corrupti.', 309, '2024-02-15 19:33:42', '2024-02-15 19:33:42'),
(159, 'maiores', 'Non quas voluptas dolorem.', 477, '2024-02-15 19:33:42', '2024-02-15 19:33:42'),
(160, 'et', 'Et mollitia dolores architecto saepe.', 208, '2024-02-15 19:33:42', '2024-02-15 19:33:42'),
(161, 'molestiae', 'Deleniti qui repellendus facilis consequatur.', 289, '2024-02-15 19:33:42', '2024-02-15 19:33:42'),
(162, 'dolor', 'Omnis possimus architecto enim repellendus repellat molestias.', 296, '2024-02-15 19:33:42', '2024-02-15 19:33:42'),
(163, 'et', 'Perferendis reiciendis quis in earum mollitia.', 38, '2024-02-15 19:33:42', '2024-02-15 19:33:42'),
(164, 'beatae', 'Placeat sint vitae magni nulla.', 357, '2024-02-15 19:33:42', '2024-02-15 19:33:42'),
(165, 'numquam', 'Magni ut tempora doloribus veniam quia reprehenderit.', 398, '2024-02-15 19:33:42', '2024-02-15 19:33:42'),
(166, 'ab', 'Rem facere dolor alias et optio tempore voluptate.', 318, '2024-02-15 19:33:42', '2024-02-15 19:33:42'),
(167, 'maxime', 'Ut quaerat pariatur ea rerum corporis.', 479, '2024-02-15 19:33:42', '2024-02-15 19:33:42'),
(168, 'quaerat', 'Neque esse exercitationem sit voluptatem id ullam ipsa.', 196, '2024-02-15 19:33:42', '2024-02-15 19:33:42'),
(169, 'est', 'Nesciunt omnis similique totam aut voluptatibus voluptatem.', 139, '2024-02-15 19:33:42', '2024-02-15 19:33:42'),
(170, 'ab', 'Velit et et nostrum aut officia error mollitia aut.', 326, '2024-02-15 19:33:42', '2024-02-15 19:33:42'),
(171, 'repellat', 'Dolores fuga quos est quos.', 473, '2024-02-15 19:33:42', '2024-02-15 19:33:42'),
(172, 'quisquam', 'Explicabo repellendus aut voluptate sed rerum quasi.', 5, '2024-02-15 19:33:42', '2024-02-15 19:33:42'),
(173, 'magni', 'Sequi in earum assumenda sequi est ea qui ut.', 31, '2024-02-15 19:33:42', '2024-02-15 19:33:42'),
(174, 'rerum', 'Ut tempora doloribus id temporibus eum illum excepturi temporibus.', 468, '2024-02-15 19:33:42', '2024-02-15 19:33:42'),
(175, 'at', 'Ratione odit impedit in iure.', 269, '2024-02-15 19:33:42', '2024-02-15 19:33:42'),
(176, 'eveniet', 'Qui quis maiores earum qui nostrum ipsa molestiae blanditiis.', 388, '2024-02-15 19:33:42', '2024-02-15 19:33:42'),
(177, 'expedita', 'Sit quod sint inventore eius sed.', 272, '2024-02-15 19:33:42', '2024-02-15 19:33:42'),
(178, 'accusantium', 'Error hic non ipsam nemo.', 392, '2024-02-15 19:33:42', '2024-02-15 19:33:42'),
(179, 'sed', 'Similique officiis occaecati repellendus rerum aut itaque aliquam.', 483, '2024-02-15 19:33:42', '2024-02-15 19:33:42'),
(180, 'accusantium', 'Nulla impedit quis placeat tenetur voluptatibus consequuntur.', 475, '2024-02-15 19:33:42', '2024-02-15 19:33:42'),
(181, 'error', 'In consectetur exercitationem neque qui itaque odio.', 263, '2024-02-15 19:33:42', '2024-02-15 19:33:42'),
(182, 'atque', 'Itaque nobis architecto rerum esse.', 39, '2024-02-15 19:33:42', '2024-02-15 19:33:42'),
(183, 'dolor', 'Aperiam consequuntur aut sunt reprehenderit.', 224, '2024-02-15 19:33:42', '2024-02-15 19:33:42'),
(184, 'placeat', 'Similique voluptatem vero dolorem tenetur.', 192, '2024-02-15 19:33:42', '2024-02-15 19:33:42'),
(185, 'eos', 'Dolore tempora non sed recusandae occaecati distinctio ut.', 28, '2024-02-15 19:33:42', '2024-02-15 19:33:42'),
(186, 'eveniet', 'Deserunt nobis ut laudantium recusandae id.', 3, '2024-02-15 19:33:42', '2024-02-15 19:33:42'),
(187, 'at', 'Facere et consectetur ducimus modi.', 24, '2024-02-15 19:33:42', '2024-02-15 19:33:42'),
(188, 'quod', 'Enim dolorum voluptatem autem repudiandae unde iusto sit.', 351, '2024-02-15 19:33:42', '2024-02-15 19:33:42'),
(189, 'error', 'Cumque quos totam voluptatem aut aliquam.', 297, '2024-02-15 19:33:42', '2024-02-15 19:33:42'),
(190, 'maxime', 'Cupiditate perferendis exercitationem maxime natus voluptatibus natus eum.', 118, '2024-02-15 19:33:42', '2024-02-15 19:33:42'),
(191, 'ut', 'Nobis minima fuga voluptas in aperiam rerum quasi consequatur.', 9, '2024-02-15 19:33:42', '2024-02-15 19:33:42'),
(192, 'nesciunt', 'Quia temporibus neque omnis necessitatibus ex consectetur voluptas nemo.', 378, '2024-02-15 19:33:42', '2024-02-15 19:33:42'),
(193, 'quo', 'Quisquam et cumque rerum quis deserunt quibusdam sit dignissimos.', 214, '2024-02-15 19:33:42', '2024-02-15 19:33:42'),
(194, 'molestias', 'Recusandae voluptatem consequatur voluptatum voluptate nisi nulla magni nihil.', 1, '2024-02-15 19:33:42', '2024-02-15 19:33:42'),
(195, 'molestias', 'Autem amet fuga praesentium voluptates non.', 311, '2024-02-15 19:33:42', '2024-02-15 19:33:42'),
(196, 'in', 'Harum voluptatem sequi blanditiis iure aperiam dolor excepturi.', 376, '2024-02-15 19:33:42', '2024-02-15 19:33:42'),
(197, 'sint', 'Nulla quasi hic natus sed nisi tempore eveniet molestiae.', 366, '2024-02-15 19:33:42', '2024-02-15 19:33:42'),
(198, 'inventore', 'Occaecati laudantium porro quae sit quas quia impedit.', 61, '2024-02-15 19:33:42', '2024-02-15 19:33:42'),
(199, 'ut', 'Non non et quas dolores accusantium.', 161, '2024-02-15 19:33:42', '2024-02-15 19:33:42'),
(200, 'et', 'Officiis incidunt qui qui nihil.', 236, '2024-02-15 19:33:42', '2024-02-15 19:33:42'),
(201, 'consequatur', 'Eum similique harum et natus quis quis suscipit.', 34, '2024-02-15 19:33:42', '2024-02-15 19:33:42'),
(202, 'eveniet', 'Veniam accusantium perferendis pariatur expedita rem non.', 138, '2024-02-15 19:33:42', '2024-02-15 19:33:42'),
(203, 'fuga', 'Perspiciatis dignissimos deserunt consequatur.', 34, '2024-02-15 19:33:42', '2024-02-15 19:33:42'),
(204, 'unde', 'Excepturi alias a facilis sed voluptatem alias totam dolores.', 234, '2024-02-15 19:33:42', '2024-02-15 19:33:42'),
(205, 'qui', 'Eos reprehenderit et sint quibusdam ex qui.', 86, '2024-02-15 19:33:42', '2024-02-15 19:33:42'),
(206, 'similique', 'Nihil labore maxime sunt harum rerum sunt.', 417, '2024-02-15 19:33:42', '2024-02-15 19:33:42'),
(207, 'et', 'Voluptatem velit temporibus nostrum et numquam.', 123, '2024-02-15 19:33:42', '2024-02-15 19:33:42'),
(208, 'quod', 'Consequatur eveniet sed voluptatem consequuntur accusantium cumque.', 425, '2024-02-15 19:33:42', '2024-02-15 19:33:42'),
(209, 'nemo', 'Et aut veritatis et error similique.', 261, '2024-02-15 19:33:42', '2024-02-15 19:33:42'),
(210, 'qui', 'Id nulla error hic rerum et dolorem sunt.', 417, '2024-02-15 19:33:42', '2024-02-15 19:33:42'),
(211, 'tempora', 'Distinctio voluptatem tempora culpa exercitationem laborum nihil.', 203, '2024-02-15 19:33:42', '2024-02-15 19:33:42'),
(212, 'voluptatem', 'Sapiente tenetur quam omnis minus dolorum tempora.', 241, '2024-02-15 19:33:42', '2024-02-15 19:33:42'),
(213, 'officia', 'Dolorem et dolor vero sit velit enim.', 359, '2024-02-15 19:33:42', '2024-02-15 19:33:42'),
(214, 'ad', 'Animi ratione dolorem id sunt voluptatum.', 355, '2024-02-15 19:33:42', '2024-02-15 19:33:42'),
(215, 'et', 'Quae quibusdam est perferendis saepe.', 235, '2024-02-15 19:33:42', '2024-02-15 19:33:42'),
(216, 'nesciunt', 'Rerum velit voluptatem dignissimos.', 268, '2024-02-15 19:33:42', '2024-02-15 19:33:42'),
(217, 'impedit', 'Et quas quibusdam ut qui quis doloribus labore.', 179, '2024-02-15 19:33:42', '2024-02-15 19:33:42'),
(218, 'qui', 'Recusandae distinctio libero iusto officia sapiente voluptatum.', 158, '2024-02-15 19:33:42', '2024-02-15 19:33:42'),
(219, 'ut', 'Esse ad ab mollitia et quasi in nostrum ut.', 324, '2024-02-15 19:33:42', '2024-02-15 19:33:42'),
(220, 'odit', 'Deleniti illum fuga laborum.', 451, '2024-02-15 19:33:42', '2024-02-15 19:33:42'),
(221, 'enim', 'Temporibus cum est omnis.', 230, '2024-02-15 19:33:42', '2024-02-15 19:33:42'),
(222, 'rerum', 'Amet autem provident est.', 356, '2024-02-15 19:33:42', '2024-02-15 19:33:42'),
(223, 'et', 'Error non velit quos aliquam adipisci.', 278, '2024-02-15 19:33:42', '2024-02-15 19:33:42'),
(224, 'voluptatem', 'Dicta incidunt accusamus blanditiis at tempore quidem.', 491, '2024-02-15 19:33:42', '2024-02-15 19:33:42'),
(225, 'deleniti', 'Sequi commodi sit cupiditate voluptatum.', 436, '2024-02-15 19:33:42', '2024-02-15 19:33:42'),
(226, 'reiciendis', 'In a nisi nulla autem.', 220, '2024-02-15 19:33:42', '2024-02-15 19:33:42'),
(227, 'iure', 'Et ea quidem optio veniam numquam.', 9, '2024-02-15 19:33:42', '2024-02-15 19:33:42'),
(228, 'vel', 'Temporibus molestiae atque iure.', 287, '2024-02-15 19:33:42', '2024-02-15 19:33:42'),
(229, 'occaecati', 'Omnis nulla est dolore quia.', 24, '2024-02-15 19:33:42', '2024-02-15 19:33:42'),
(230, 'deserunt', 'Rem repudiandae rerum consequatur non est eos.', 31, '2024-02-15 19:33:42', '2024-02-15 19:33:42'),
(231, 'consequuntur', 'Pariatur dolor doloribus delectus autem quas quidem ea.', 358, '2024-02-15 19:33:42', '2024-02-15 19:33:42'),
(232, 'ratione', 'Veritatis aut voluptate nihil officiis dolores perspiciatis.', 325, '2024-02-15 19:33:42', '2024-02-15 19:33:42'),
(233, 'repellendus', 'Delectus vero maiores nesciunt aut delectus voluptatem saepe.', 480, '2024-02-15 19:33:42', '2024-02-15 19:33:42'),
(234, 'minus', 'Adipisci expedita magnam et sequi iusto.', 365, '2024-02-15 19:33:42', '2024-02-15 19:33:42'),
(235, 'quam', 'Exercitationem dolorum eum dolorum et sapiente veniam rerum.', 230, '2024-02-15 19:33:42', '2024-02-15 19:33:42'),
(236, 'magni', 'Odio eaque consequuntur rem.', 360, '2024-02-15 19:33:42', '2024-02-15 19:33:42'),
(237, 'fugiat', 'Impedit voluptatibus dolores nisi reprehenderit rerum quidem quisquam quo.', 82, '2024-02-15 19:33:42', '2024-02-15 19:33:42'),
(238, 'in', 'Vel eaque quia fuga sit.', 349, '2024-02-15 19:33:42', '2024-02-15 19:33:42'),
(239, 'neque', 'Nisi aut quisquam nobis temporibus dicta eius nostrum.', 74, '2024-02-15 19:33:42', '2024-02-15 19:33:42'),
(240, 'suscipit', 'Consequuntur fuga et suscipit itaque sit molestiae.', 108, '2024-02-15 19:33:42', '2024-02-15 19:33:42'),
(241, 'non', 'Sed id minima numquam molestiae fuga eos.', 149, '2024-02-15 19:33:42', '2024-02-15 19:33:42'),
(242, 'explicabo', 'Perspiciatis rerum id rem qui et id dolore.', 473, '2024-02-15 19:33:42', '2024-02-15 19:33:42'),
(243, 'quia', 'Aspernatur quia et doloremque saepe nobis dolorem blanditiis.', 207, '2024-02-15 19:33:42', '2024-02-15 19:33:42'),
(244, 'dolorem', 'Eos voluptatem praesentium sapiente voluptate assumenda nemo et.', 189, '2024-02-15 19:33:42', '2024-02-15 19:33:42'),
(245, 'in', 'Pariatur similique itaque sit fuga reprehenderit dolor.', 239, '2024-02-15 19:33:42', '2024-02-15 19:33:42'),
(246, 'consequatur', 'Dolorem odit dolore omnis quia debitis cumque.', 167, '2024-02-15 19:33:42', '2024-02-15 19:33:42'),
(247, 'ipsa', 'Ut aut cupiditate dolorem modi deleniti ea nostrum.', 488, '2024-02-15 19:33:42', '2024-02-15 19:33:42'),
(248, 'et', 'Dolores eius in aperiam eum.', 404, '2024-02-15 19:33:42', '2024-02-15 19:33:42'),
(249, 'aliquid', 'Adipisci sint dignissimos nesciunt facilis voluptatem voluptas rerum tempore.', 153, '2024-02-15 19:33:42', '2024-02-15 19:33:42'),
(250, 'qui', 'Sed molestiae aliquid odio id iste enim.', 175, '2024-02-15 19:33:42', '2024-02-15 19:33:42'),
(251, 'sed', 'Qui vel ex est eveniet animi nihil.', 427, '2024-02-15 19:33:42', '2024-02-15 19:33:42'),
(252, 'inventore', 'Vitae cupiditate eum sequi sunt animi saepe.', 374, '2024-02-15 19:33:42', '2024-02-15 19:33:42'),
(253, 'cumque', 'Dolor natus nemo delectus iure dicta occaecati.', 386, '2024-02-15 19:33:42', '2024-02-15 19:33:42'),
(254, 'maxime', 'Ut consequatur repellendus aspernatur ab quibusdam cum.', 218, '2024-02-15 19:33:42', '2024-02-15 19:33:42'),
(255, 'aut', 'Et earum quaerat odio molestiae laborum eos.', 493, '2024-02-15 19:33:42', '2024-02-15 19:33:42'),
(256, 'nulla', 'Perspiciatis est maiores asperiores a sit et corrupti.', 32, '2024-02-15 19:33:42', '2024-02-15 19:33:42'),
(257, 'dolor', 'Inventore nesciunt exercitationem dolorum quisquam aliquam quas neque.', 270, '2024-02-15 19:33:42', '2024-02-15 19:33:42'),
(258, 'ut', 'Expedita blanditiis id voluptatum ut voluptas omnis repellat.', 95, '2024-02-15 19:33:42', '2024-02-15 19:33:42'),
(259, 'delectus', 'Velit quasi non quo rerum.', 415, '2024-02-15 19:33:42', '2024-02-15 19:33:42'),
(260, 'quaerat', 'Quos nemo beatae unde possimus nihil rerum.', 355, '2024-02-15 19:33:42', '2024-02-15 19:33:42'),
(261, 'sed', 'Cupiditate ducimus tempora magnam numquam eius.', 75, '2024-02-15 19:33:42', '2024-02-15 19:33:42'),
(262, 'dolor', 'Ut quod et impedit et quod id minus.', 476, '2024-02-15 19:33:42', '2024-02-15 19:33:42'),
(263, 'et', 'Odio ut et id sapiente commodi neque esse.', 80, '2024-02-15 19:33:42', '2024-02-15 19:33:42'),
(264, 'rem', 'Adipisci quo at error eaque iusto.', 309, '2024-02-15 19:33:42', '2024-02-15 19:33:42'),
(265, 'blanditiis', 'Sint quia eligendi rerum autem dolor iusto.', 249, '2024-02-15 19:33:42', '2024-02-15 19:33:42'),
(266, 'esse', 'Vel dolor voluptas ad consectetur.', 326, '2024-02-15 19:33:42', '2024-02-15 19:33:42'),
(267, 'est', 'Illum sed ea dolores sapiente.', 40, '2024-02-15 19:33:42', '2024-02-15 19:33:42'),
(268, 'rerum', 'Nesciunt nihil tenetur mollitia est et.', 481, '2024-02-15 19:33:42', '2024-02-15 19:33:42'),
(269, 'id', 'Officiis temporibus doloribus eos totam.', 256, '2024-02-15 19:33:42', '2024-02-15 19:33:42'),
(270, 'at', 'Ut maxime dicta libero eaque.', 476, '2024-02-15 19:33:42', '2024-02-15 19:33:42'),
(271, 'fugiat', 'Aut rerum aut consequatur rem.', 137, '2024-02-15 19:33:42', '2024-02-15 19:33:42'),
(272, 'porro', 'Qui hic autem ea voluptatem placeat.', 316, '2024-02-15 19:33:42', '2024-02-15 19:33:42'),
(273, 'nesciunt', 'Repellendus incidunt aut voluptatibus iusto nesciunt nobis nam nisi.', 458, '2024-02-15 19:33:42', '2024-02-15 19:33:42'),
(274, 'molestiae', 'Eveniet quaerat ratione voluptatem qui.', 380, '2024-02-15 19:33:42', '2024-02-15 19:33:42'),
(275, 'nemo', 'Iste temporibus dolor quis ex sed.', 53, '2024-02-15 19:33:42', '2024-02-15 19:33:42'),
(276, 'incidunt', 'Eum odit quaerat dolores voluptatum consequatur voluptatum est.', 483, '2024-02-15 19:33:42', '2024-02-15 19:33:42'),
(277, 'tempore', 'Qui aut consequuntur sed quo suscipit et asperiores.', 81, '2024-02-15 19:33:42', '2024-02-15 19:33:42'),
(278, 'quis', 'Maxime nostrum magnam impedit perspiciatis beatae nihil dicta.', 350, '2024-02-15 19:33:42', '2024-02-15 19:33:42'),
(279, 'eos', 'Deserunt unde quia aut.', 491, '2024-02-15 19:33:42', '2024-02-15 19:33:42'),
(280, 'est', 'Consequatur non aut vero explicabo rerum.', 275, '2024-02-15 19:33:42', '2024-02-15 19:33:42'),
(281, 'cumque', 'Qui libero magnam incidunt occaecati quia placeat.', 380, '2024-02-15 19:33:42', '2024-02-15 19:33:42'),
(282, 'harum', 'Ut sit dolorum blanditiis vel non et voluptas.', 346, '2024-02-15 19:33:42', '2024-02-15 19:33:42'),
(283, 'consequatur', 'Voluptate tempora est voluptatum.', 50, '2024-02-15 19:33:42', '2024-02-15 19:33:42'),
(284, 'totam', 'Porro beatae blanditiis dignissimos aliquam consequatur porro officia.', 124, '2024-02-15 19:33:42', '2024-02-15 19:33:42'),
(285, 'facilis', 'Fuga et ut sed facere consectetur atque.', 266, '2024-02-15 19:33:42', '2024-02-15 19:33:42'),
(286, 'dolorem', 'Minima provident dolorum fuga voluptatum recusandae.', 227, '2024-02-15 19:33:42', '2024-02-15 19:33:42'),
(287, 'ex', 'Molestiae dicta deleniti qui earum nostrum et necessitatibus qui.', 85, '2024-02-15 19:33:42', '2024-02-15 19:33:42'),
(288, 'non', 'Consequatur nulla et aliquid laboriosam architecto.', 304, '2024-02-15 19:33:42', '2024-02-15 19:33:42'),
(289, 'velit', 'Sunt quis velit non laborum.', 284, '2024-02-15 19:33:42', '2024-02-15 19:33:42'),
(290, 'in', 'Voluptates provident et commodi quo sunt enim quo.', 173, '2024-02-15 19:33:42', '2024-02-15 19:33:42'),
(291, 'qui', 'Vel pariatur et possimus debitis voluptas corrupti.', 180, '2024-02-15 19:33:42', '2024-02-15 19:33:42'),
(292, 'ut', 'Laborum quia impedit quod labore explicabo non quod.', 13, '2024-02-15 19:33:42', '2024-02-15 19:33:42'),
(293, 'corrupti', 'Ex adipisci soluta deleniti est provident saepe debitis.', 33, '2024-02-15 19:33:42', '2024-02-15 19:33:42'),
(294, 'omnis', 'Minima aut dolores est iure.', 34, '2024-02-15 19:33:42', '2024-02-15 19:33:42'),
(295, 'sit', 'Omnis maxime dolore quis voluptas tenetur ducimus.', 446, '2024-02-15 19:33:42', '2024-02-15 19:33:42'),
(296, 'vitae', 'Repudiandae culpa id quis blanditiis et.', 287, '2024-02-15 19:33:42', '2024-02-15 19:33:42'),
(297, 'quidem', 'Nisi ea tenetur est dolorem ex explicabo et.', 267, '2024-02-15 19:33:42', '2024-02-15 19:33:42'),
(298, 'quia', 'Mollitia molestiae aperiam accusamus natus ut amet.', 499, '2024-02-15 19:33:42', '2024-02-15 19:33:42'),
(299, 'quia', 'Illum excepturi molestiae sequi beatae similique aut pariatur.', 144, '2024-02-15 19:33:43', '2024-02-15 19:33:43'),
(300, 'est', 'Dolorem ut perferendis eos alias veritatis vel expedita.', 198, '2024-02-15 19:33:43', '2024-02-15 19:33:43'),
(301, 'corporis', 'Ex et est quis sed.', 25, '2024-02-15 19:33:43', '2024-02-15 19:33:43'),
(302, 'quia', 'Voluptate quasi qui omnis commodi.', 434, '2024-02-15 19:33:43', '2024-02-15 19:33:43'),
(303, 'magni', 'Quis soluta nemo amet dolor adipisci fugiat.', 364, '2024-02-15 19:33:43', '2024-02-15 19:33:43'),
(304, 'harum', 'Dolor alias sit minima distinctio.', 192, '2024-02-15 19:33:43', '2024-02-15 19:33:43'),
(305, 'magni', 'Aut consequatur enim omnis non aliquid.', 309, '2024-02-15 19:33:43', '2024-02-15 19:33:43'),
(306, 'earum', 'Aperiam eveniet ducimus iure et.', 342, '2024-02-15 19:33:43', '2024-02-15 19:33:43'),
(307, 'incidunt', 'Dolores quo ducimus neque assumenda cum.', 329, '2024-02-15 19:33:43', '2024-02-15 19:33:43'),
(308, 'unde', 'Nihil veniam vitae omnis non non odio facilis.', 471, '2024-02-15 19:33:43', '2024-02-15 19:33:43'),
(309, 'consequatur', 'Impedit suscipit et qui ducimus laudantium enim.', 465, '2024-02-15 19:33:43', '2024-02-15 19:33:43'),
(310, 'culpa', 'Veritatis voluptatum enim placeat et omnis autem.', 154, '2024-02-15 19:33:43', '2024-02-15 19:33:43'),
(311, 'tempore', 'Iste accusamus minima voluptas aut deserunt ut facilis.', 466, '2024-02-15 19:33:43', '2024-02-15 19:33:43'),
(312, 'alias', 'Et qui non in sed qui dolor a.', 484, '2024-02-15 19:33:43', '2024-02-15 19:33:43'),
(313, 'culpa', 'Eius dicta possimus qui excepturi iusto mollitia.', 69, '2024-02-15 19:33:43', '2024-02-15 19:33:43'),
(314, 'vitae', 'Iusto qui quis aut culpa nulla.', 105, '2024-02-15 19:33:43', '2024-02-15 19:33:43'),
(315, 'deleniti', 'Velit perferendis quia corrupti voluptas eos officiis iure nostrum.', 306, '2024-02-15 19:33:43', '2024-02-15 19:33:43'),
(316, 'cumque', 'Dolore culpa vitae accusamus animi.', 135, '2024-02-15 19:33:43', '2024-02-15 19:33:43'),
(317, 'reprehenderit', 'Temporibus quam non iste nesciunt at neque eos amet.', 11, '2024-02-15 19:33:43', '2024-02-15 19:33:43'),
(318, 'corporis', 'Inventore odio ipsam neque neque ducimus.', 279, '2024-02-15 19:33:43', '2024-02-15 19:33:43'),
(319, 'totam', 'Aut rem eum sunt.', 1, '2024-02-15 19:33:43', '2024-02-15 19:33:43'),
(320, 'sunt', 'Molestias sint amet asperiores ut at.', 58, '2024-02-15 19:33:43', '2024-02-15 19:33:43'),
(321, 'ut', 'Et harum ea enim nihil praesentium.', 152, '2024-02-15 19:33:43', '2024-02-15 19:33:43'),
(322, 'quia', 'Maiores perspiciatis veniam voluptatem qui quia.', 479, '2024-02-15 19:33:43', '2024-02-15 19:33:43'),
(323, 'eaque', 'Quod omnis non non minus possimus.', 227, '2024-02-15 19:33:43', '2024-02-15 19:33:43'),
(324, 'autem', 'Inventore laborum ut magni non voluptatem eius tempore non.', 178, '2024-02-15 19:33:43', '2024-02-15 19:33:43'),
(325, 'neque', 'Culpa debitis minus laudantium omnis.', 14, '2024-02-15 19:33:43', '2024-02-15 19:33:43'),
(326, 'voluptate', 'Adipisci neque voluptates eveniet dolorem sunt adipisci ea.', 441, '2024-02-15 19:33:43', '2024-02-15 19:33:43'),
(327, 'nobis', 'Dicta atque animi labore totam.', 465, '2024-02-15 19:33:43', '2024-02-15 19:33:43'),
(328, 'enim', 'Quod ut velit libero et fugit cupiditate.', 32, '2024-02-15 19:33:43', '2024-02-15 19:33:43'),
(329, 'ea', 'Reprehenderit voluptatibus veniam adipisci dolore deleniti ea.', 394, '2024-02-15 19:33:43', '2024-02-15 19:33:43'),
(330, 'voluptas', 'Vel reprehenderit et sapiente quisquam.', 354, '2024-02-15 19:33:43', '2024-02-15 19:33:43'),
(331, 'sint', 'Ipsum praesentium quia quia qui voluptatum.', 329, '2024-02-15 19:33:43', '2024-02-15 19:33:43'),
(332, 'reiciendis', 'Cum architecto qui iste recusandae hic ea.', 487, '2024-02-15 19:33:43', '2024-02-15 19:33:43'),
(333, 'molestiae', 'Vel enim et ea vel vel excepturi.', 378, '2024-02-15 19:33:43', '2024-02-15 19:33:43'),
(334, 'dolor', 'Nisi et necessitatibus ut error.', 150, '2024-02-15 19:33:43', '2024-02-15 19:33:43'),
(335, 'dolor', 'Sit et possimus voluptas.', 360, '2024-02-15 19:33:43', '2024-02-15 19:33:43'),
(336, 'et', 'Distinctio voluptas ad et voluptatem dolorem.', 400, '2024-02-15 19:33:43', '2024-02-15 19:33:43'),
(337, 'ipsa', 'Id ut qui voluptates autem autem nobis dicta quas.', 292, '2024-02-15 19:33:43', '2024-02-15 19:33:43'),
(338, 'tempore', 'Ipsam dolor laborum facilis est rerum.', 288, '2024-02-15 19:33:43', '2024-02-15 19:33:43'),
(339, 'aut', 'Quo minima dolore consequatur pariatur.', 234, '2024-02-15 19:33:43', '2024-02-15 19:33:43'),
(340, 'unde', 'Facilis voluptatem corporis sit eaque iure quis dolorem.', 472, '2024-02-15 19:33:43', '2024-02-15 19:33:43'),
(341, 'architecto', 'Fugit qui omnis non.', 363, '2024-02-15 19:33:43', '2024-02-15 19:33:43'),
(342, 'beatae', 'Expedita aut atque eius iure.', 79, '2024-02-15 19:33:43', '2024-02-15 19:33:43'),
(343, 'ab', 'Et odit porro velit vel explicabo corporis.', 206, '2024-02-15 19:33:43', '2024-02-15 19:33:43'),
(344, 'quo', 'Et dolorem dolore nesciunt rerum similique in.', 329, '2024-02-15 19:33:43', '2024-02-15 19:33:43'),
(345, 'ut', 'Praesentium alias harum molestias rem aut.', 13, '2024-02-15 19:33:43', '2024-02-15 19:33:43'),
(346, 'dolorum', 'Non et officiis numquam explicabo.', 72, '2024-02-15 19:33:43', '2024-02-15 19:33:43'),
(347, 'id', 'Aut vel similique occaecati eaque.', 315, '2024-02-15 19:33:43', '2024-02-15 19:33:43'),
(348, 'nostrum', 'Esse sit quibusdam expedita ut necessitatibus consequuntur.', 372, '2024-02-15 19:33:43', '2024-02-15 19:33:43'),
(349, 'natus', 'Incidunt omnis voluptas possimus sit quis.', 100, '2024-02-15 19:33:43', '2024-02-15 19:33:43'),
(350, 'laudantium', 'Rerum molestiae est neque ut minima.', 397, '2024-02-15 19:33:43', '2024-02-15 19:33:43'),
(351, 'cupiditate', 'Tenetur necessitatibus voluptatum necessitatibus.', 284, '2024-02-15 19:33:43', '2024-02-15 19:33:43'),
(352, 'rerum', 'Illo ad quia dignissimos.', 42, '2024-02-15 19:33:43', '2024-02-15 19:33:43'),
(353, 'et', 'Iure nisi pariatur ut eligendi sapiente ullam recusandae.', 78, '2024-02-15 19:33:43', '2024-02-15 19:33:43'),
(354, 'eos', 'Velit dignissimos modi excepturi qui ipsa omnis amet.', 424, '2024-02-15 19:33:43', '2024-02-15 19:33:43'),
(355, 'est', 'Voluptate aliquid occaecati minus perferendis eum.', 126, '2024-02-15 19:33:43', '2024-02-15 19:33:43'),
(356, 'consequuntur', 'Adipisci nihil in fugit dolor.', 479, '2024-02-15 19:33:43', '2024-02-15 19:33:43'),
(357, 'illum', 'Ut quam omnis in delectus inventore voluptates.', 93, '2024-02-15 19:33:43', '2024-02-15 19:33:43'),
(358, 'ut', 'Qui harum soluta corporis vel.', 83, '2024-02-15 19:33:43', '2024-02-15 19:33:43'),
(359, 'esse', 'Quia at delectus possimus natus vel.', 31, '2024-02-15 19:33:43', '2024-02-15 19:33:43'),
(360, 'accusantium', 'Deserunt voluptate repellendus occaecati aspernatur error.', 500, '2024-02-15 19:33:43', '2024-02-15 19:33:43'),
(361, 'deleniti', 'Exercitationem quis sit et optio alias qui ut.', 413, '2024-02-15 19:33:43', '2024-02-15 19:33:43'),
(362, 'consequatur', 'Et eos assumenda odit consectetur eveniet tempora.', 321, '2024-02-15 19:33:43', '2024-02-15 19:33:43'),
(363, 'ut', 'In labore ut non nesciunt.', 493, '2024-02-15 19:33:43', '2024-02-15 19:33:43'),
(364, 'neque', 'Aspernatur corrupti voluptatem ut quibusdam ratione ut a.', 172, '2024-02-15 19:33:43', '2024-02-15 19:33:43'),
(365, 'eius', 'Sed error placeat voluptas est ab molestias.', 355, '2024-02-15 19:33:43', '2024-02-15 19:33:43'),
(366, 'esse', 'Laborum voluptatem repellendus ullam.', 402, '2024-02-15 19:33:43', '2024-02-15 19:33:43'),
(367, 'voluptatem', 'Aperiam ut facilis veniam et quis vitae eaque.', 371, '2024-02-15 19:33:43', '2024-02-15 19:33:43'),
(368, 'natus', 'Quia perspiciatis adipisci aliquam qui qui id ut aut.', 387, '2024-02-15 19:33:43', '2024-02-15 19:33:43'),
(369, 'et', 'Praesentium esse alias enim magnam voluptatibus sint nulla.', 495, '2024-02-15 19:33:43', '2024-02-15 19:33:43'),
(370, 'voluptatem', 'Quos sunt quisquam qui voluptates exercitationem et.', 391, '2024-02-15 19:33:43', '2024-02-15 19:33:43'),
(371, 'labore', 'Fugiat consequatur tenetur ea debitis.', 289, '2024-02-15 19:33:43', '2024-02-15 19:33:43'),
(372, 'voluptas', 'Molestiae quo cupiditate nobis aliquam quasi voluptatum.', 197, '2024-02-15 19:33:43', '2024-02-15 19:33:43'),
(373, 'debitis', 'Aperiam et harum sunt qui iste.', 129, '2024-02-15 19:33:43', '2024-02-15 19:33:43'),
(374, 'expedita', 'Qui expedita pariatur ipsa dolorem repudiandae qui at.', 213, '2024-02-15 19:33:43', '2024-02-15 19:33:43'),
(375, 'alias', 'Amet qui ab totam et sint itaque.', 110, '2024-02-15 19:33:43', '2024-02-15 19:33:43'),
(376, 'dolores', 'Quod molestiae explicabo dignissimos porro voluptatem.', 122, '2024-02-15 19:33:43', '2024-02-15 19:33:43'),
(377, 'itaque', 'Voluptates quis ab facere maiores.', 379, '2024-02-15 19:33:43', '2024-02-15 19:33:43'),
(378, 'officiis', 'Temporibus aspernatur voluptatem ipsa autem voluptatem.', 120, '2024-02-15 19:33:43', '2024-02-15 19:33:43'),
(379, 'qui', 'Modi repellat consequatur doloribus rem id libero.', 409, '2024-02-15 19:33:43', '2024-02-15 19:33:43'),
(380, 'at', 'Temporibus sunt quod totam alias et ad repudiandae voluptas.', 221, '2024-02-15 19:33:43', '2024-02-15 19:33:43'),
(381, 'quis', 'Quia ipsa voluptatem adipisci ut.', 198, '2024-02-15 19:33:43', '2024-02-15 19:33:43'),
(382, 'quia', 'Voluptatem numquam quaerat libero error tempora rerum aut enim.', 67, '2024-02-15 19:33:43', '2024-02-15 19:33:43'),
(383, 'accusantium', 'Et ullam consequatur voluptas sed aspernatur vel ullam.', 319, '2024-02-15 19:33:43', '2024-02-15 19:33:43'),
(384, 'consectetur', 'Tenetur occaecati omnis et ut magni minima qui a.', 186, '2024-02-15 19:33:43', '2024-02-15 19:33:43'),
(385, 'tempora', 'Repellat voluptatem sed et culpa et dolorem.', 481, '2024-02-15 19:33:43', '2024-02-15 19:33:43'),
(386, 'ut', 'Ipsum aut quia saepe minus.', 93, '2024-02-15 19:33:43', '2024-02-15 19:33:43'),
(387, 'esse', 'Ut dolor sapiente autem molestias quia rerum.', 500, '2024-02-15 19:33:43', '2024-02-15 19:33:43'),
(388, 'et', 'Laudantium aut et nemo enim libero earum hic maiores.', 254, '2024-02-15 19:33:43', '2024-02-15 19:33:43'),
(389, 'voluptatem', 'Quibusdam deleniti suscipit quia aliquid autem reiciendis.', 369, '2024-02-15 19:33:43', '2024-02-15 19:33:43'),
(390, 'et', 'Eum accusantium veritatis accusantium officia facilis commodi.', 171, '2024-02-15 19:33:43', '2024-02-15 19:33:43'),
(391, 'ab', 'Dolorem corrupti modi repellendus ex aliquam iure.', 242, '2024-02-15 19:33:43', '2024-02-15 19:33:43'),
(392, 'voluptatibus', 'Repellendus repudiandae doloribus iste et autem cupiditate dolorem cum.', 333, '2024-02-15 19:33:43', '2024-02-15 19:33:43'),
(393, 'commodi', 'Qui quis sint dignissimos repellendus.', 430, '2024-02-15 19:33:43', '2024-02-15 19:33:43'),
(394, 'a', 'Dignissimos veniam et et quia omnis quasi.', 180, '2024-02-15 19:33:43', '2024-02-15 19:33:43'),
(395, 'est', 'Voluptatem porro blanditiis modi et molestiae veritatis ab.', 62, '2024-02-15 19:33:43', '2024-02-15 19:33:43'),
(396, 'eius', 'Qui laboriosam et aut quae expedita.', 168, '2024-02-15 19:33:43', '2024-02-15 19:33:43'),
(397, 'mollitia', 'Rem enim et culpa.', 120, '2024-02-15 19:33:43', '2024-02-15 19:33:43'),
(398, 'molestias', 'Et similique recusandae fuga vero iure et.', 302, '2024-02-15 19:33:43', '2024-02-15 19:33:43'),
(399, 'maiores', 'Pariatur blanditiis nobis enim nemo et quo eius iste.', 87, '2024-02-15 19:33:43', '2024-02-15 19:33:43'),
(400, 'cupiditate', 'Nihil maiores eaque consectetur.', 249, '2024-02-15 19:33:43', '2024-02-15 19:33:43'),
(401, 'ipsum', 'Eveniet enim aliquid dolores nobis officia.', 264, '2024-02-15 19:33:43', '2024-02-15 19:33:43'),
(402, 'libero', 'Porro sed quis laborum velit.', 427, '2024-02-15 19:33:43', '2024-02-15 19:33:43'),
(403, 'autem', 'Odio quis earum nesciunt facere eius.', 405, '2024-02-15 19:33:43', '2024-02-15 19:33:43'),
(404, 'eligendi', 'Vel iusto ab ipsa delectus qui.', 295, '2024-02-15 19:33:43', '2024-02-15 19:33:43'),
(405, 'itaque', 'Exercitationem corrupti natus ab quam quod est.', 323, '2024-02-15 19:33:43', '2024-02-15 19:33:43'),
(406, 'culpa', 'Ducimus eum explicabo reiciendis veritatis nam ut.', 320, '2024-02-15 19:33:43', '2024-02-15 19:33:43'),
(407, 'illum', 'Perspiciatis aut laboriosam hic sed.', 229, '2024-02-15 19:33:43', '2024-02-15 19:33:43'),
(408, 'delectus', 'Dolores veniam alias et expedita debitis.', 106, '2024-02-15 19:33:43', '2024-02-15 19:33:43'),
(409, 'quia', 'At ut voluptatem quia perspiciatis repellendus quia saepe aut.', 34, '2024-02-15 19:33:43', '2024-02-15 19:33:43'),
(410, 'rerum', 'Ad recusandae qui et architecto dolorum cumque totam.', 151, '2024-02-15 19:33:43', '2024-02-15 19:33:43'),
(411, 'asperiores', 'Aspernatur quae non assumenda voluptas velit saepe nisi.', 17, '2024-02-15 19:33:43', '2024-02-15 19:33:43'),
(412, 'voluptas', 'Voluptatem sunt aut reprehenderit ut.', 212, '2024-02-15 19:33:43', '2024-02-15 19:33:43'),
(413, 'doloribus', 'Inventore itaque autem quidem sequi.', 273, '2024-02-15 19:33:43', '2024-02-15 19:33:43'),
(414, 'dignissimos', 'Iste porro odio quisquam libero.', 173, '2024-02-15 19:33:43', '2024-02-15 19:33:43'),
(415, 'et', 'Ipsam accusantium nemo sit perferendis.', 412, '2024-02-15 19:33:43', '2024-02-15 19:33:43'),
(416, 'qui', 'Doloremque corporis nemo voluptates dolor voluptate totam.', 462, '2024-02-15 19:33:43', '2024-02-15 19:33:43'),
(417, 'minus', 'Exercitationem veniam eligendi officiis consequatur eum necessitatibus non.', 150, '2024-02-15 19:33:43', '2024-02-15 19:33:43'),
(418, 'labore', 'Qui omnis quod et quae.', 464, '2024-02-15 19:33:43', '2024-02-15 19:33:43'),
(419, 'minima', 'Ad harum porro rerum ratione ratione eum reiciendis.', 162, '2024-02-15 19:33:43', '2024-02-15 19:33:43'),
(420, 'aut', 'Vitae aut est eos consequatur voluptatem aliquid dolorum.', 192, '2024-02-15 19:33:43', '2024-02-15 19:33:43'),
(421, 'necessitatibus', 'Similique id voluptas a enim eveniet deserunt molestiae.', 498, '2024-02-15 19:33:43', '2024-02-15 19:33:43'),
(422, 'rerum', 'Voluptates ullam vitae aspernatur.', 478, '2024-02-15 19:33:43', '2024-02-15 19:33:43'),
(423, 'quis', 'Ea aut id id ex quo ut.', 45, '2024-02-15 19:33:43', '2024-02-15 19:33:43'),
(424, 'recusandae', 'Molestias velit consequatur et.', 178, '2024-02-15 19:33:43', '2024-02-15 19:33:43'),
(425, 'a', 'Reprehenderit esse sunt id quibusdam.', 453, '2024-02-15 19:33:43', '2024-02-15 19:33:43'),
(426, 'possimus', 'Vero a facere omnis et.', 480, '2024-02-15 19:33:43', '2024-02-15 19:33:43'),
(427, 'labore', 'Dolore ad sequi temporibus minima est aut.', 426, '2024-02-15 19:33:43', '2024-02-15 19:33:43'),
(428, 'quaerat', 'Blanditiis voluptas corporis est ratione rerum culpa.', 53, '2024-02-15 19:33:43', '2024-02-15 19:33:43'),
(429, 'et', 'Necessitatibus nisi nesciunt perferendis.', 226, '2024-02-15 19:33:43', '2024-02-15 19:33:43'),
(430, 'ut', 'Eum harum quaerat nemo.', 51, '2024-02-15 19:33:43', '2024-02-15 19:33:43'),
(431, 'eveniet', 'Eum voluptatem mollitia corrupti veniam cupiditate velit voluptates.', 226, '2024-02-15 19:33:43', '2024-02-15 19:33:43'),
(432, 'fugit', 'Quia sint nemo perferendis doloribus.', 192, '2024-02-15 19:33:43', '2024-02-15 19:33:43'),
(433, 'aperiam', 'Explicabo ut quia doloremque consequuntur molestiae nihil.', 349, '2024-02-15 19:33:43', '2024-02-15 19:33:43'),
(434, 'sed', 'Minima modi et eveniet doloremque qui nostrum.', 223, '2024-02-15 19:33:43', '2024-02-15 19:33:43'),
(435, 'veniam', 'Consequatur explicabo doloremque qui sit blanditiis et molestiae et.', 10, '2024-02-15 19:33:43', '2024-02-15 19:33:43'),
(436, 'sit', 'Quam asperiores consequuntur ad cupiditate sint quod odio neque.', 472, '2024-02-15 19:33:43', '2024-02-15 19:33:43'),
(437, 'et', 'Ea cum harum nostrum voluptatum maiores debitis.', 81, '2024-02-15 19:33:43', '2024-02-15 19:33:43'),
(438, 'rerum', 'Accusamus velit molestias alias est quidem incidunt quisquam.', 16, '2024-02-15 19:33:43', '2024-02-15 19:33:43'),
(439, 'provident', 'Ut quisquam itaque est quisquam non sunt possimus.', 14, '2024-02-15 19:33:43', '2024-02-15 19:33:43');
INSERT INTO `drugs` (`id`, `name`, `description`, `supplier_id`, `created_at`, `updated_at`) VALUES
(440, 'possimus', 'Deserunt commodi cupiditate quidem et tempora.', 310, '2024-02-15 19:33:43', '2024-02-15 19:33:43'),
(441, 'quaerat', 'Nisi sed qui repudiandae.', 175, '2024-02-15 19:33:43', '2024-02-15 19:33:43'),
(442, 'beatae', 'Saepe magni provident molestias.', 198, '2024-02-15 19:33:43', '2024-02-15 19:33:43'),
(443, 'atque', 'Asperiores consectetur necessitatibus dolores atque nemo a.', 280, '2024-02-15 19:33:43', '2024-02-15 19:33:43'),
(444, 'nihil', 'Accusamus odio commodi explicabo atque delectus hic dolore.', 500, '2024-02-15 19:33:43', '2024-02-15 19:33:43'),
(445, 'ducimus', 'Et ut doloremque expedita explicabo.', 437, '2024-02-15 19:33:43', '2024-02-15 19:33:43'),
(446, 'magnam', 'Magni alias omnis quis omnis.', 270, '2024-02-15 19:33:43', '2024-02-15 19:33:43'),
(447, 'nobis', 'Quia aut fugiat et.', 391, '2024-02-15 19:33:43', '2024-02-15 19:33:43'),
(448, 'impedit', 'Ad eaque laborum minus dolorem repellendus et.', 42, '2024-02-15 19:33:43', '2024-02-15 19:33:43'),
(449, 'qui', 'Maiores autem nihil cum et nisi dolor.', 368, '2024-02-15 19:33:43', '2024-02-15 19:33:43'),
(450, 'eum', 'Laudantium ad eum rerum inventore optio deleniti.', 365, '2024-02-15 19:33:43', '2024-02-15 19:33:43'),
(451, 'corporis', 'Nihil et consequatur pariatur voluptas.', 176, '2024-02-15 19:33:43', '2024-02-15 19:33:43'),
(452, 'hic', 'Sed officia voluptatem perspiciatis dicta facilis.', 58, '2024-02-15 19:33:43', '2024-02-15 19:33:43'),
(453, 'laborum', 'Magni eum mollitia repellendus et quam aut.', 220, '2024-02-15 19:33:43', '2024-02-15 19:33:43'),
(454, 'consequatur', 'Repellat sunt quia iste inventore dolor ea.', 248, '2024-02-15 19:33:43', '2024-02-15 19:33:43'),
(455, 'laudantium', 'Dolorum voluptatem omnis aut tempore deserunt et.', 355, '2024-02-15 19:33:43', '2024-02-15 19:33:43'),
(456, 'aperiam', 'Sed magni qui et cupiditate.', 426, '2024-02-15 19:33:43', '2024-02-15 19:33:43'),
(457, 'error', 'Ut aut cupiditate culpa sint dicta.', 294, '2024-02-15 19:33:43', '2024-02-15 19:33:43'),
(458, 'odio', 'Et reprehenderit eum iusto earum.', 420, '2024-02-15 19:33:43', '2024-02-15 19:33:43'),
(459, 'ratione', 'Et ut aut cumque hic quis optio.', 239, '2024-02-15 19:33:43', '2024-02-15 19:33:43'),
(460, 'molestiae', 'Non possimus est iure quibusdam dignissimos ducimus deserunt.', 269, '2024-02-15 19:33:43', '2024-02-15 19:33:43'),
(461, 'eum', 'Ut aliquid quis a quis reiciendis.', 484, '2024-02-15 19:33:43', '2024-02-15 19:33:43'),
(462, 'laudantium', 'Dolor possimus recusandae expedita.', 1, '2024-02-15 19:33:43', '2024-02-15 19:33:43'),
(463, 'fugit', 'Voluptatem praesentium voluptatum laborum fugit adipisci.', 263, '2024-02-15 19:33:43', '2024-02-15 19:33:43'),
(464, 'ullam', 'Ratione et nulla quisquam vel.', 310, '2024-02-15 19:33:43', '2024-02-15 19:33:43'),
(465, 'aut', 'Veniam error sunt vel sit quia.', 167, '2024-02-15 19:33:43', '2024-02-15 19:33:43'),
(466, 'veritatis', 'Velit qui id odio voluptatibus.', 482, '2024-02-15 19:33:43', '2024-02-15 19:33:43'),
(467, 'laborum', 'Rerum voluptas nemo culpa repudiandae nihil cum.', 362, '2024-02-15 19:33:43', '2024-02-15 19:33:43'),
(468, 'non', 'Architecto molestiae ipsa eligendi porro nulla.', 433, '2024-02-15 19:33:43', '2024-02-15 19:33:43'),
(469, 'dolore', 'Possimus similique ut explicabo sit sit excepturi optio.', 486, '2024-02-15 19:33:43', '2024-02-15 19:33:43'),
(470, 'iusto', 'Est id et sint sit enim ab voluptate.', 275, '2024-02-15 19:33:43', '2024-02-15 19:33:43'),
(471, 'voluptates', 'Sequi ipsam ullam tempora dolores voluptatem.', 500, '2024-02-15 19:33:43', '2024-02-15 19:33:43'),
(472, 'explicabo', 'Minus non qui tempora occaecati.', 386, '2024-02-15 19:33:43', '2024-02-15 19:33:43'),
(473, 'itaque', 'Amet iure impedit est porro veritatis aut alias.', 86, '2024-02-15 19:33:43', '2024-02-15 19:33:43'),
(474, 'provident', 'Enim ullam debitis a a labore earum est.', 31, '2024-02-15 19:33:43', '2024-02-15 19:33:43'),
(475, 'voluptas', 'Impedit placeat tempore nihil odio reprehenderit.', 85, '2024-02-15 19:33:43', '2024-02-15 19:33:43'),
(476, 'numquam', 'Optio eveniet est voluptas amet optio.', 211, '2024-02-15 19:33:43', '2024-02-15 19:33:43'),
(477, 'corporis', 'Doloribus unde possimus aut enim doloribus.', 263, '2024-02-15 19:33:43', '2024-02-15 19:33:43'),
(478, 'laborum', 'Consequatur et error fugiat vero error.', 119, '2024-02-15 19:33:43', '2024-02-15 19:33:43'),
(479, 'modi', 'Non at et veritatis mollitia ab.', 244, '2024-02-15 19:33:43', '2024-02-15 19:33:43'),
(480, 'quia', 'Aut enim earum odio quaerat harum porro temporibus aut.', 488, '2024-02-15 19:33:43', '2024-02-15 19:33:43'),
(481, 'voluptatum', 'Et ut soluta laborum velit.', 427, '2024-02-15 19:33:43', '2024-02-15 19:33:43'),
(482, 'voluptatem', 'Est repudiandae pariatur laboriosam consequatur quasi reiciendis itaque.', 247, '2024-02-15 19:33:43', '2024-02-15 19:33:43'),
(483, 'odio', 'Ut earum debitis ut consequatur tenetur accusamus.', 51, '2024-02-15 19:33:43', '2024-02-15 19:33:43'),
(484, 'quasi', 'Et magni quis voluptas aspernatur et.', 5, '2024-02-15 19:33:43', '2024-02-15 19:33:43'),
(485, 'sit', 'Et ipsa accusamus mollitia velit repellat.', 146, '2024-02-15 19:33:43', '2024-02-15 19:33:43'),
(486, 'expedita', 'Est sint eum vero voluptas.', 149, '2024-02-15 19:33:43', '2024-02-15 19:33:43'),
(487, 'earum', 'Alias perferendis explicabo rerum dolor.', 343, '2024-02-15 19:33:43', '2024-02-15 19:33:43'),
(488, 'doloremque', 'Repudiandae in velit et odit occaecati.', 208, '2024-02-15 19:33:43', '2024-02-15 19:33:43'),
(489, 'facilis', 'Itaque labore sit praesentium excepturi vitae ratione.', 360, '2024-02-15 19:33:43', '2024-02-15 19:33:43'),
(490, 'magni', 'Ut fuga debitis beatae.', 184, '2024-02-15 19:33:43', '2024-02-15 19:33:43'),
(491, 'tenetur', 'Error dolorem et magnam rerum qui.', 295, '2024-02-15 19:33:43', '2024-02-15 19:33:43'),
(492, 'eligendi', 'Blanditiis voluptatem sunt suscipit esse fugiat aspernatur.', 184, '2024-02-15 19:33:43', '2024-02-15 19:33:43'),
(493, 'neque', 'Ut nisi enim rerum consequuntur in.', 49, '2024-02-15 19:33:43', '2024-02-15 19:33:43'),
(494, 'qui', 'Modi ad unde natus dignissimos dolore.', 11, '2024-02-15 19:33:43', '2024-02-15 19:33:43'),
(495, 'similique', 'Dicta aspernatur qui et vel aut dolor.', 23, '2024-02-15 19:33:43', '2024-02-15 19:33:43'),
(496, 'blanditiis', 'Omnis quia optio esse autem nihil.', 109, '2024-02-15 19:33:43', '2024-02-15 19:33:43'),
(497, 'consequatur', 'Ea inventore autem qui est expedita veniam quia aperiam.', 472, '2024-02-15 19:33:43', '2024-02-15 19:33:43'),
(498, 'sequi', 'Accusantium in ipsa perferendis vel voluptatem dolorem.', 312, '2024-02-15 19:33:43', '2024-02-15 19:33:43'),
(500, 'ipsam', 'Porro assumenda nam illum.', 217, '2024-02-15 19:33:43', '2024-02-15 19:33:43');

-- --------------------------------------------------------

--
-- Table structure for table `failed_jobs`
--

CREATE TABLE `failed_jobs` (
  `id` bigint(20) UNSIGNED NOT NULL,
  `uuid` varchar(255) NOT NULL,
  `connection` text NOT NULL,
  `queue` text NOT NULL,
  `payload` longtext NOT NULL,
  `exception` longtext NOT NULL,
  `failed_at` timestamp NOT NULL DEFAULT current_timestamp()
) ENGINE=InnoDB DEFAULT CHARSET=utf8mb4 COLLATE=utf8mb4_unicode_ci;

-- --------------------------------------------------------

--
-- Table structure for table `migrations`
--

CREATE TABLE `migrations` (
  `id` int(10) UNSIGNED NOT NULL,
  `migration` varchar(255) NOT NULL,
  `batch` int(11) NOT NULL
) ENGINE=InnoDB DEFAULT CHARSET=utf8mb4 COLLATE=utf8mb4_unicode_ci;

--
-- Dumping data for table `migrations`
--

INSERT INTO `migrations` (`id`, `migration`, `batch`) VALUES
(1, '2014_10_12_000000_create_users_table', 1),
(2, '2024_02_16_015623_create_suppliers_table', 2),
(3, '2024_02_16_015553_create_drugs_table', 3),
(4, '2024_02_16_015641_create_sales_table', 4),
(5, '2014_10_12_100000_create_password_reset_tokens_table', 5),
(6, '2019_08_19_000000_create_failed_jobs_table', 5),
(7, '2019_12_14_000001_create_personal_access_tokens_table', 5);

-- --------------------------------------------------------

--
-- Table structure for table `password_reset_tokens`
--

CREATE TABLE `password_reset_tokens` (
  `email` varchar(255) NOT NULL,
  `token` varchar(255) NOT NULL,
  `created_at` timestamp NULL DEFAULT NULL
) ENGINE=InnoDB DEFAULT CHARSET=utf8mb4 COLLATE=utf8mb4_unicode_ci;

-- --------------------------------------------------------

--
-- Table structure for table `personal_access_tokens`
--

CREATE TABLE `personal_access_tokens` (
  `id` bigint(20) UNSIGNED NOT NULL,
  `tokenable_type` varchar(255) NOT NULL,
  `tokenable_id` bigint(20) UNSIGNED NOT NULL,
  `name` varchar(255) NOT NULL,
  `token` varchar(64) NOT NULL,
  `abilities` text DEFAULT NULL,
  `last_used_at` timestamp NULL DEFAULT NULL,
  `expires_at` timestamp NULL DEFAULT NULL,
  `created_at` timestamp NULL DEFAULT NULL,
  `updated_at` timestamp NULL DEFAULT NULL
) ENGINE=InnoDB DEFAULT CHARSET=utf8mb4 COLLATE=utf8mb4_unicode_ci;

-- --------------------------------------------------------

--
-- Table structure for table `sales`
--

CREATE TABLE `sales` (
  `id` bigint(20) UNSIGNED NOT NULL,
  `drug_id` bigint(20) UNSIGNED NOT NULL,
  `quantity` int(11) NOT NULL,
  `total_price` decimal(10,2) NOT NULL,
  `created_at` timestamp NULL DEFAULT NULL,
  `updated_at` timestamp NULL DEFAULT NULL
) ENGINE=InnoDB DEFAULT CHARSET=utf8mb4 COLLATE=utf8mb4_unicode_ci;

--
-- Dumping data for table `sales`
--

INSERT INTO `sales` (`id`, `drug_id`, `quantity`, `total_price`, `created_at`, `updated_at`) VALUES
(1, 484, 19, '361.76', '2024-02-15 19:33:49', '2024-02-15 19:33:49'),
(2, 447, 17, '799.23', '2024-02-15 19:33:49', '2024-02-15 19:33:49'),
(3, 204, 86, '538.35', '2024-02-15 19:33:49', '2024-02-15 19:33:49'),
(4, 450, 48, '493.85', '2024-02-15 19:33:49', '2024-02-15 19:33:49'),
(5, 345, 30, '710.12', '2024-02-15 19:33:49', '2024-02-15 19:33:49'),
(6, 465, 15, '101.19', '2024-02-15 19:33:49', '2024-02-15 19:33:49'),
(7, 363, 80, '861.86', '2024-02-15 19:33:49', '2024-02-15 19:33:49'),
(8, 163, 5, '558.22', '2024-02-15 19:33:49', '2024-02-15 19:33:49'),
(9, 48, 83, '400.57', '2024-02-15 19:33:49', '2024-02-15 19:33:49'),
(10, 191, 71, '931.59', '2024-02-15 19:33:49', '2024-02-15 19:33:49'),
(11, 44, 20, '265.37', '2024-02-15 19:33:49', '2024-02-15 19:33:49'),
(12, 340, 30, '863.21', '2024-02-15 19:33:49', '2024-02-15 19:33:49'),
(13, 145, 68, '796.52', '2024-02-15 19:33:49', '2024-02-15 19:33:49'),
(14, 312, 48, '554.93', '2024-02-15 19:33:49', '2024-02-15 19:33:49'),
(15, 412, 42, '424.73', '2024-02-15 19:33:49', '2024-02-15 19:33:49'),
(16, 95, 54, '636.12', '2024-02-15 19:33:49', '2024-02-15 19:33:49'),
(17, 291, 76, '439.56', '2024-02-15 19:33:49', '2024-02-15 19:33:49'),
(18, 158, 74, '236.60', '2024-02-15 19:33:49', '2024-02-15 19:33:49'),
(19, 352, 89, '983.45', '2024-02-15 19:33:49', '2024-02-15 19:33:49'),
(20, 319, 69, '524.15', '2024-02-15 19:33:49', '2024-02-15 19:33:49'),
(21, 92, 61, '67.64', '2024-02-15 19:33:49', '2024-02-15 19:33:49'),
(22, 61, 51, '404.77', '2024-02-15 19:33:49', '2024-02-15 19:33:49'),
(23, 399, 70, '65.39', '2024-02-15 19:33:49', '2024-02-15 19:33:49'),
(24, 382, 29, '445.23', '2024-02-15 19:33:49', '2024-02-15 19:33:49'),
(25, 36, 83, '686.40', '2024-02-15 19:33:49', '2024-02-15 19:33:49'),
(26, 102, 73, '196.23', '2024-02-15 19:33:49', '2024-02-15 19:33:49'),
(27, 397, 16, '539.69', '2024-02-15 19:33:49', '2024-02-15 19:33:49'),
(28, 112, 75, '978.34', '2024-02-15 19:33:49', '2024-02-15 19:33:49'),
(29, 399, 52, '602.51', '2024-02-15 19:33:49', '2024-02-15 19:33:49'),
(30, 51, 31, '598.54', '2024-02-15 19:33:49', '2024-02-15 19:33:49'),
(31, 41, 18, '228.71', '2024-02-15 19:33:49', '2024-02-15 19:33:49'),
(32, 497, 73, '555.68', '2024-02-15 19:33:49', '2024-02-15 19:33:49'),
(33, 214, 76, '263.15', '2024-02-15 19:33:49', '2024-02-15 19:33:49'),
(34, 91, 73, '715.10', '2024-02-15 19:33:49', '2024-02-15 19:33:49'),
(35, 296, 99, '20.54', '2024-02-15 19:33:49', '2024-02-15 19:33:49'),
(36, 285, 70, '388.30', '2024-02-15 19:33:49', '2024-02-15 19:33:49'),
(37, 481, 83, '245.43', '2024-02-15 19:33:49', '2024-02-15 19:33:49'),
(38, 391, 44, '222.61', '2024-02-15 19:33:49', '2024-02-15 19:33:49'),
(39, 286, 42, '13.44', '2024-02-15 19:33:49', '2024-02-15 19:33:49'),
(40, 142, 44, '66.64', '2024-02-15 19:33:49', '2024-02-15 19:33:49'),
(41, 15, 75, '890.77', '2024-02-15 19:33:49', '2024-02-15 19:33:49'),
(42, 319, 55, '353.55', '2024-02-15 19:33:49', '2024-02-15 19:33:49'),
(43, 121, 15, '335.69', '2024-02-15 19:33:49', '2024-02-15 19:33:49'),
(44, 252, 44, '908.43', '2024-02-15 19:33:49', '2024-02-15 19:33:49'),
(45, 481, 7, '735.37', '2024-02-15 19:33:49', '2024-02-15 19:33:49'),
(46, 10, 71, '319.36', '2024-02-15 19:33:49', '2024-02-15 19:33:49'),
(47, 425, 99, '750.46', '2024-02-15 19:33:49', '2024-02-15 19:33:49'),
(48, 44, 49, '398.58', '2024-02-15 19:33:49', '2024-02-15 19:33:49'),
(49, 233, 58, '544.43', '2024-02-15 19:33:49', '2024-02-15 19:33:49'),
(50, 460, 33, '30.37', '2024-02-15 19:33:49', '2024-02-15 19:33:49'),
(51, 226, 93, '843.02', '2024-02-15 19:33:49', '2024-02-15 19:33:49'),
(52, 17, 73, '93.84', '2024-02-15 19:33:49', '2024-02-15 19:33:49'),
(53, 109, 39, '802.63', '2024-02-15 19:33:49', '2024-02-15 19:33:49'),
(54, 500, 87, '382.21', '2024-02-15 19:33:49', '2024-02-15 19:33:49'),
(55, 132, 41, '867.13', '2024-02-15 19:33:49', '2024-02-15 19:33:49'),
(56, 165, 59, '775.15', '2024-02-15 19:33:49', '2024-02-15 19:33:49'),
(57, 300, 80, '252.83', '2024-02-15 19:33:49', '2024-02-15 19:33:49'),
(58, 417, 46, '68.91', '2024-02-15 19:33:49', '2024-02-15 19:33:49'),
(59, 79, 16, '96.79', '2024-02-15 19:33:49', '2024-02-15 19:33:49'),
(60, 139, 30, '257.82', '2024-02-15 19:33:49', '2024-02-15 19:33:49'),
(61, 157, 24, '521.73', '2024-02-15 19:33:49', '2024-02-15 19:33:49'),
(62, 22, 59, '470.55', '2024-02-15 19:33:49', '2024-02-15 19:33:49'),
(63, 152, 78, '865.53', '2024-02-15 19:33:49', '2024-02-15 19:33:49'),
(64, 219, 39, '421.52', '2024-02-15 19:33:49', '2024-02-15 19:33:49'),
(65, 170, 5, '87.32', '2024-02-15 19:33:49', '2024-02-15 19:33:49'),
(66, 271, 21, '142.46', '2024-02-15 19:33:49', '2024-02-15 19:33:49'),
(67, 148, 13, '106.59', '2024-02-15 19:33:49', '2024-02-15 19:33:49'),
(68, 279, 31, '281.79', '2024-02-15 19:33:49', '2024-02-15 19:33:49'),
(69, 471, 24, '411.05', '2024-02-15 19:33:49', '2024-02-15 19:33:49'),
(70, 286, 3, '263.12', '2024-02-15 19:33:49', '2024-02-15 19:33:49'),
(71, 358, 59, '700.67', '2024-02-15 19:33:49', '2024-02-15 19:33:49'),
(72, 95, 54, '313.05', '2024-02-15 19:33:49', '2024-02-15 19:33:49'),
(73, 365, 47, '940.15', '2024-02-15 19:33:49', '2024-02-15 19:33:49'),
(74, 113, 10, '832.99', '2024-02-15 19:33:49', '2024-02-15 19:33:49'),
(75, 195, 44, '138.25', '2024-02-15 19:33:49', '2024-02-15 19:33:49'),
(76, 454, 88, '547.92', '2024-02-15 19:33:49', '2024-02-15 19:33:49'),
(77, 408, 9, '17.75', '2024-02-15 19:33:49', '2024-02-15 19:33:49'),
(78, 382, 66, '337.57', '2024-02-15 19:33:49', '2024-02-15 19:33:49'),
(79, 190, 33, '80.19', '2024-02-15 19:33:49', '2024-02-15 19:33:49'),
(80, 57, 95, '977.97', '2024-02-15 19:33:49', '2024-02-15 19:33:49'),
(81, 364, 50, '333.73', '2024-02-15 19:33:49', '2024-02-15 19:33:49'),
(82, 221, 93, '254.11', '2024-02-15 19:33:49', '2024-02-15 19:33:49'),
(83, 160, 45, '954.62', '2024-02-15 19:33:49', '2024-02-15 19:33:49'),
(84, 277, 92, '15.93', '2024-02-15 19:33:49', '2024-02-15 19:33:49'),
(85, 462, 69, '400.89', '2024-02-15 19:33:49', '2024-02-15 19:33:49'),
(86, 440, 54, '898.59', '2024-02-15 19:33:49', '2024-02-15 19:33:49'),
(87, 463, 33, '45.65', '2024-02-15 19:33:49', '2024-02-15 19:33:49'),
(88, 31, 47, '754.77', '2024-02-15 19:33:49', '2024-02-15 19:33:49'),
(89, 490, 7, '784.28', '2024-02-15 19:33:49', '2024-02-15 19:33:49'),
(90, 323, 43, '734.04', '2024-02-15 19:33:49', '2024-02-15 19:33:49'),
(91, 172, 27, '755.86', '2024-02-15 19:33:49', '2024-02-15 19:33:49'),
(92, 1, 77, '54.21', '2024-02-15 19:33:49', '2024-02-15 19:33:49'),
(93, 104, 70, '900.86', '2024-02-15 19:33:49', '2024-02-15 19:33:49'),
(94, 2, 95, '626.31', '2024-02-15 19:33:49', '2024-02-15 19:33:49'),
(95, 88, 55, '697.45', '2024-02-15 19:33:49', '2024-02-15 19:33:49'),
(96, 431, 86, '510.70', '2024-02-15 19:33:49', '2024-02-15 19:33:49'),
(97, 71, 47, '437.49', '2024-02-15 19:33:49', '2024-02-15 19:33:49'),
(98, 438, 90, '25.85', '2024-02-15 19:33:49', '2024-02-15 19:33:49'),
(99, 217, 71, '714.51', '2024-02-15 19:33:49', '2024-02-15 19:33:49'),
(100, 330, 71, '886.81', '2024-02-15 19:33:49', '2024-02-15 19:33:49'),
(101, 375, 83, '333.94', '2024-02-15 19:33:49', '2024-02-15 19:33:49'),
(102, 212, 71, '77.67', '2024-02-15 19:33:49', '2024-02-15 19:33:49'),
(103, 135, 62, '384.76', '2024-02-15 19:33:49', '2024-02-15 19:33:49'),
(104, 345, 29, '447.52', '2024-02-15 19:33:49', '2024-02-15 19:33:49'),
(105, 483, 31, '188.37', '2024-02-15 19:33:49', '2024-02-15 19:33:49'),
(106, 125, 55, '630.12', '2024-02-15 19:33:49', '2024-02-15 19:33:49'),
(107, 41, 48, '793.35', '2024-02-15 19:33:49', '2024-02-15 19:33:49'),
(108, 410, 82, '456.30', '2024-02-15 19:33:49', '2024-02-15 19:33:49'),
(109, 476, 40, '686.37', '2024-02-15 19:33:49', '2024-02-15 19:33:49'),
(110, 150, 65, '690.60', '2024-02-15 19:33:49', '2024-02-15 19:33:49'),
(111, 478, 99, '170.28', '2024-02-15 19:33:49', '2024-02-15 19:33:49'),
(112, 184, 46, '322.84', '2024-02-15 19:33:49', '2024-02-15 19:33:49'),
(113, 19, 100, '135.22', '2024-02-15 19:33:49', '2024-02-15 19:33:49'),
(114, 214, 86, '80.34', '2024-02-15 19:33:49', '2024-02-15 19:33:49'),
(115, 389, 61, '117.08', '2024-02-15 19:33:49', '2024-02-15 19:33:49'),
(116, 231, 22, '212.98', '2024-02-15 19:33:49', '2024-02-15 19:33:49'),
(117, 197, 82, '128.71', '2024-02-15 19:33:49', '2024-02-15 19:33:49'),
(118, 463, 87, '765.64', '2024-02-15 19:33:49', '2024-02-15 19:33:49'),
(119, 141, 88, '184.36', '2024-02-15 19:33:49', '2024-02-15 19:33:49'),
(120, 360, 26, '60.88', '2024-02-15 19:33:49', '2024-02-15 19:33:49'),
(121, 329, 77, '747.02', '2024-02-15 19:33:49', '2024-02-15 19:33:49'),
(122, 303, 66, '962.58', '2024-02-15 19:33:49', '2024-02-15 19:33:49'),
(123, 175, 31, '870.44', '2024-02-15 19:33:49', '2024-02-15 19:33:49'),
(124, 131, 17, '188.07', '2024-02-15 19:33:49', '2024-02-15 19:33:49'),
(125, 110, 89, '709.77', '2024-02-15 19:33:49', '2024-02-15 19:33:49'),
(126, 305, 46, '218.73', '2024-02-15 19:33:49', '2024-02-15 19:33:49'),
(127, 114, 21, '471.23', '2024-02-15 19:33:49', '2024-02-15 19:33:49'),
(128, 25, 89, '688.98', '2024-02-15 19:33:49', '2024-02-15 19:33:49'),
(129, 7, 30, '604.14', '2024-02-15 19:33:49', '2024-02-15 19:33:49'),
(130, 244, 53, '471.89', '2024-02-15 19:33:49', '2024-02-15 19:33:49'),
(131, 75, 30, '772.71', '2024-02-15 19:33:49', '2024-02-15 19:33:49'),
(132, 122, 47, '643.41', '2024-02-15 19:33:49', '2024-02-15 19:33:49'),
(133, 444, 74, '924.88', '2024-02-15 19:33:49', '2024-02-15 19:33:49'),
(134, 41, 82, '129.85', '2024-02-15 19:33:49', '2024-02-15 19:33:49'),
(135, 420, 85, '694.85', '2024-02-15 19:33:49', '2024-02-15 19:33:49'),
(136, 279, 6, '864.76', '2024-02-15 19:33:49', '2024-02-15 19:33:49'),
(137, 161, 54, '142.26', '2024-02-15 19:33:49', '2024-02-15 19:33:49'),
(138, 229, 42, '127.36', '2024-02-15 19:33:49', '2024-02-15 19:33:49'),
(139, 96, 81, '51.55', '2024-02-15 19:33:49', '2024-02-15 19:33:49'),
(140, 356, 96, '974.02', '2024-02-15 19:33:49', '2024-02-15 19:33:49'),
(141, 422, 85, '671.36', '2024-02-15 19:33:49', '2024-02-15 19:33:49'),
(142, 299, 66, '905.45', '2024-02-15 19:33:49', '2024-02-15 19:33:49'),
(143, 223, 73, '162.02', '2024-02-15 19:33:49', '2024-02-15 19:33:49'),
(144, 243, 24, '109.13', '2024-02-15 19:33:49', '2024-02-15 19:33:49'),
(145, 400, 45, '485.38', '2024-02-15 19:33:49', '2024-02-15 19:33:49'),
(146, 287, 71, '581.95', '2024-02-15 19:33:49', '2024-02-15 19:33:49'),
(147, 291, 11, '223.92', '2024-02-15 19:33:49', '2024-02-15 19:33:49'),
(148, 100, 7, '893.44', '2024-02-15 19:33:49', '2024-02-15 19:33:49'),
(149, 397, 63, '836.40', '2024-02-15 19:33:49', '2024-02-15 19:33:49'),
(150, 198, 83, '613.94', '2024-02-15 19:33:49', '2024-02-15 19:33:49'),
(151, 102, 78, '249.55', '2024-02-15 19:33:49', '2024-02-15 19:33:49'),
(152, 153, 40, '789.73', '2024-02-15 19:33:49', '2024-02-15 19:33:49'),
(153, 195, 93, '280.61', '2024-02-15 19:33:49', '2024-02-15 19:33:49'),
(154, 304, 79, '684.04', '2024-02-15 19:33:49', '2024-02-15 19:33:49'),
(155, 387, 94, '551.75', '2024-02-15 19:33:49', '2024-02-15 19:33:49'),
(156, 174, 7, '667.61', '2024-02-15 19:33:49', '2024-02-15 19:33:49'),
(157, 315, 85, '752.46', '2024-02-15 19:33:49', '2024-02-15 19:33:49'),
(158, 489, 66, '991.25', '2024-02-15 19:33:49', '2024-02-15 19:33:49'),
(159, 243, 39, '656.94', '2024-02-15 19:33:49', '2024-02-15 19:33:49'),
(160, 68, 42, '758.32', '2024-02-15 19:33:49', '2024-02-15 19:33:49'),
(161, 450, 59, '411.18', '2024-02-15 19:33:49', '2024-02-15 19:33:49'),
(162, 369, 13, '946.06', '2024-02-15 19:33:49', '2024-02-15 19:33:49'),
(163, 92, 77, '811.21', '2024-02-15 19:33:49', '2024-02-15 19:33:49'),
(164, 180, 41, '825.88', '2024-02-15 19:33:49', '2024-02-15 19:33:49'),
(165, 281, 30, '71.79', '2024-02-15 19:33:49', '2024-02-15 19:33:49'),
(166, 267, 71, '729.35', '2024-02-15 19:33:49', '2024-02-15 19:33:49'),
(167, 208, 28, '589.40', '2024-02-15 19:33:49', '2024-02-15 19:33:49'),
(168, 477, 77, '913.31', '2024-02-15 19:33:49', '2024-02-15 19:33:49'),
(169, 235, 66, '590.56', '2024-02-15 19:33:49', '2024-02-15 19:33:49'),
(170, 205, 93, '73.88', '2024-02-15 19:33:49', '2024-02-15 19:33:49'),
(171, 373, 28, '588.95', '2024-02-15 19:33:49', '2024-02-15 19:33:49'),
(172, 102, 19, '117.08', '2024-02-15 19:33:49', '2024-02-15 19:33:49'),
(173, 292, 94, '810.50', '2024-02-15 19:33:49', '2024-02-15 19:33:49'),
(174, 224, 42, '501.76', '2024-02-15 19:33:49', '2024-02-15 19:33:49'),
(175, 337, 9, '628.43', '2024-02-15 19:33:49', '2024-02-15 19:33:49'),
(176, 35, 4, '250.88', '2024-02-15 19:33:49', '2024-02-15 19:33:49'),
(177, 178, 73, '542.12', '2024-02-15 19:33:49', '2024-02-15 19:33:49'),
(178, 148, 52, '88.41', '2024-02-15 19:33:49', '2024-02-15 19:33:49'),
(179, 99, 74, '275.94', '2024-02-15 19:33:49', '2024-02-15 19:33:49'),
(180, 274, 37, '378.96', '2024-02-15 19:33:49', '2024-02-15 19:33:49'),
(181, 146, 76, '906.63', '2024-02-15 19:33:49', '2024-02-15 19:33:49'),
(182, 385, 78, '546.78', '2024-02-15 19:33:49', '2024-02-15 19:33:49'),
(183, 92, 6, '280.17', '2024-02-15 19:33:49', '2024-02-15 19:33:49'),
(184, 122, 25, '931.89', '2024-02-15 19:33:49', '2024-02-15 19:33:49'),
(185, 357, 75, '550.62', '2024-02-15 19:33:49', '2024-02-15 19:33:49'),
(186, 310, 54, '216.33', '2024-02-15 19:33:49', '2024-02-15 19:33:49'),
(187, 285, 22, '75.13', '2024-02-15 19:33:49', '2024-02-15 19:33:49'),
(188, 235, 14, '67.48', '2024-02-15 19:33:49', '2024-02-15 19:33:49'),
(189, 147, 14, '122.96', '2024-02-15 19:33:49', '2024-02-15 19:33:49'),
(190, 416, 26, '586.29', '2024-02-15 19:33:49', '2024-02-15 19:33:49'),
(191, 428, 99, '138.32', '2024-02-15 19:33:49', '2024-02-15 19:33:49'),
(192, 471, 81, '514.09', '2024-02-15 19:33:49', '2024-02-15 19:33:49'),
(193, 486, 53, '911.48', '2024-02-15 19:33:49', '2024-02-15 19:33:49'),
(194, 492, 7, '12.31', '2024-02-15 19:33:49', '2024-02-15 19:33:49'),
(195, 268, 5, '709.52', '2024-02-15 19:33:49', '2024-02-15 19:33:49'),
(196, 154, 45, '673.90', '2024-02-15 19:33:49', '2024-02-15 19:33:49'),
(197, 141, 46, '451.64', '2024-02-15 19:33:49', '2024-02-15 19:33:49'),
(198, 183, 97, '979.05', '2024-02-15 19:33:49', '2024-02-15 19:33:49'),
(199, 289, 92, '97.01', '2024-02-15 19:33:49', '2024-02-15 19:33:49'),
(200, 380, 53, '274.20', '2024-02-15 19:33:49', '2024-02-15 19:33:49'),
(201, 452, 12, '434.79', '2024-02-15 19:33:49', '2024-02-15 19:33:49'),
(202, 325, 1, '882.48', '2024-02-15 19:33:49', '2024-02-15 19:33:49'),
(203, 483, 44, '747.13', '2024-02-15 19:33:49', '2024-02-15 19:33:49'),
(204, 24, 15, '555.97', '2024-02-15 19:33:49', '2024-02-15 19:33:49'),
(205, 466, 52, '724.84', '2024-02-15 19:33:49', '2024-02-15 19:33:49'),
(206, 58, 37, '306.13', '2024-02-15 19:33:49', '2024-02-15 19:33:49'),
(207, 256, 54, '299.97', '2024-02-15 19:33:49', '2024-02-15 19:33:49'),
(208, 26, 89, '727.75', '2024-02-15 19:33:49', '2024-02-15 19:33:49'),
(209, 283, 64, '56.21', '2024-02-15 19:33:49', '2024-02-15 19:33:49'),
(210, 256, 35, '704.19', '2024-02-15 19:33:49', '2024-02-15 19:33:49'),
(211, 237, 79, '684.87', '2024-02-15 19:33:49', '2024-02-15 19:33:49'),
(212, 291, 90, '906.17', '2024-02-15 19:33:49', '2024-02-15 19:33:49'),
(213, 479, 11, '925.85', '2024-02-15 19:33:49', '2024-02-15 19:33:49'),
(214, 22, 67, '597.15', '2024-02-15 19:33:49', '2024-02-15 19:33:49'),
(215, 418, 79, '599.50', '2024-02-15 19:33:49', '2024-02-15 19:33:49'),
(216, 327, 90, '887.73', '2024-02-15 19:33:49', '2024-02-15 19:33:49'),
(217, 210, 6, '969.65', '2024-02-15 19:33:49', '2024-02-15 19:33:49'),
(218, 357, 75, '587.49', '2024-02-15 19:33:50', '2024-02-15 19:33:50'),
(219, 354, 66, '813.37', '2024-02-15 19:33:50', '2024-02-15 19:33:50'),
(220, 224, 86, '639.71', '2024-02-15 19:33:50', '2024-02-15 19:33:50'),
(221, 469, 100, '117.09', '2024-02-15 19:33:50', '2024-02-15 19:33:50'),
(222, 31, 30, '692.00', '2024-02-15 19:33:50', '2024-02-15 19:33:50'),
(223, 267, 94, '521.53', '2024-02-15 19:33:50', '2024-02-15 19:33:50'),
(224, 154, 8, '135.34', '2024-02-15 19:33:50', '2024-02-15 19:33:50'),
(225, 392, 51, '219.99', '2024-02-15 19:33:50', '2024-02-15 19:33:50'),
(226, 123, 46, '349.00', '2024-02-15 19:33:50', '2024-02-15 19:33:50'),
(227, 9, 6, '161.80', '2024-02-15 19:33:50', '2024-02-15 19:33:50'),
(228, 1, 59, '203.47', '2024-02-15 19:33:50', '2024-02-15 19:33:50'),
(229, 23, 31, '93.94', '2024-02-15 19:33:50', '2024-02-15 19:33:50'),
(230, 421, 67, '828.18', '2024-02-15 19:33:50', '2024-02-15 19:33:50'),
(231, 366, 88, '413.39', '2024-02-15 19:33:50', '2024-02-15 19:33:50'),
(232, 52, 16, '557.65', '2024-02-15 19:33:50', '2024-02-15 19:33:50'),
(233, 201, 32, '593.25', '2024-02-15 19:33:50', '2024-02-15 19:33:50'),
(234, 279, 97, '833.47', '2024-02-15 19:33:50', '2024-02-15 19:33:50'),
(235, 408, 9, '770.29', '2024-02-15 19:33:50', '2024-02-15 19:33:50'),
(236, 223, 51, '505.47', '2024-02-15 19:33:50', '2024-02-15 19:33:50'),
(237, 372, 21, '784.33', '2024-02-15 19:33:50', '2024-02-15 19:33:50'),
(238, 443, 78, '898.07', '2024-02-15 19:33:50', '2024-02-15 19:33:50'),
(239, 5, 70, '310.88', '2024-02-15 19:33:50', '2024-02-15 19:33:50'),
(240, 376, 30, '283.48', '2024-02-15 19:33:50', '2024-02-15 19:33:50'),
(241, 493, 83, '114.72', '2024-02-15 19:33:50', '2024-02-15 19:33:50'),
(242, 448, 88, '22.99', '2024-02-15 19:33:50', '2024-02-15 19:33:50'),
(243, 116, 68, '86.67', '2024-02-15 19:33:50', '2024-02-15 19:33:50'),
(244, 263, 80, '847.48', '2024-02-15 19:33:50', '2024-02-15 19:33:50'),
(245, 190, 40, '986.87', '2024-02-15 19:33:50', '2024-02-15 19:33:50'),
(246, 431, 61, '749.22', '2024-02-15 19:33:50', '2024-02-15 19:33:50'),
(247, 234, 70, '994.93', '2024-02-15 19:33:50', '2024-02-15 19:33:50'),
(248, 305, 100, '990.81', '2024-02-15 19:33:50', '2024-02-15 19:33:50'),
(249, 497, 61, '481.87', '2024-02-15 19:33:50', '2024-02-15 19:33:50'),
(250, 490, 33, '190.13', '2024-02-15 19:33:50', '2024-02-15 19:33:50'),
(251, 60, 13, '321.74', '2024-02-15 19:33:50', '2024-02-15 19:33:50'),
(252, 438, 27, '546.02', '2024-02-15 19:33:50', '2024-02-15 19:33:50'),
(253, 284, 27, '862.30', '2024-02-15 19:33:50', '2024-02-15 19:33:50'),
(254, 112, 67, '685.64', '2024-02-15 19:33:50', '2024-02-15 19:33:50'),
(255, 443, 100, '33.88', '2024-02-15 19:33:50', '2024-02-15 19:33:50'),
(256, 105, 51, '926.15', '2024-02-15 19:33:50', '2024-02-15 19:33:50'),
(257, 281, 6, '724.88', '2024-02-15 19:33:50', '2024-02-15 19:33:50'),
(258, 411, 79, '273.25', '2024-02-15 19:33:50', '2024-02-15 19:33:50'),
(259, 319, 49, '46.79', '2024-02-15 19:33:50', '2024-02-15 19:33:50'),
(260, 198, 77, '73.57', '2024-02-15 19:33:50', '2024-02-15 19:33:50'),
(261, 427, 81, '292.98', '2024-02-15 19:33:50', '2024-02-15 19:33:50'),
(262, 315, 6, '240.06', '2024-02-15 19:33:50', '2024-02-15 19:33:50'),
(263, 5, 59, '130.09', '2024-02-15 19:33:50', '2024-02-15 19:33:50'),
(264, 453, 65, '26.97', '2024-02-15 19:33:50', '2024-02-15 19:33:50'),
(265, 426, 4, '242.69', '2024-02-15 19:33:50', '2024-02-15 19:33:50'),
(266, 82, 61, '961.40', '2024-02-15 19:33:50', '2024-02-15 19:33:50'),
(267, 21, 20, '16.51', '2024-02-15 19:33:50', '2024-02-15 19:33:50'),
(268, 394, 54, '414.18', '2024-02-15 19:33:50', '2024-02-15 19:33:50'),
(269, 342, 46, '461.32', '2024-02-15 19:33:50', '2024-02-15 19:33:50'),
(270, 281, 39, '915.47', '2024-02-15 19:33:50', '2024-02-15 19:33:50'),
(271, 493, 2, '28.22', '2024-02-15 19:33:50', '2024-02-15 19:33:50'),
(272, 463, 16, '748.85', '2024-02-15 19:33:50', '2024-02-15 19:33:50'),
(273, 137, 21, '80.90', '2024-02-15 19:33:50', '2024-02-15 19:33:50'),
(274, 123, 9, '972.79', '2024-02-15 19:33:50', '2024-02-15 19:33:50'),
(275, 453, 91, '722.77', '2024-02-15 19:33:50', '2024-02-15 19:33:50'),
(276, 114, 16, '118.71', '2024-02-15 19:33:50', '2024-02-15 19:33:50'),
(277, 477, 15, '791.78', '2024-02-15 19:33:50', '2024-02-15 19:33:50'),
(278, 379, 28, '684.85', '2024-02-15 19:33:50', '2024-02-15 19:33:50'),
(279, 490, 23, '275.03', '2024-02-15 19:33:50', '2024-02-15 19:33:50'),
(280, 206, 42, '724.76', '2024-02-15 19:33:50', '2024-02-15 19:33:50'),
(281, 398, 99, '452.08', '2024-02-15 19:33:50', '2024-02-15 19:33:50'),
(282, 396, 17, '553.63', '2024-02-15 19:33:50', '2024-02-15 19:33:50'),
(283, 290, 85, '445.46', '2024-02-15 19:33:50', '2024-02-15 19:33:50'),
(284, 189, 39, '526.64', '2024-02-15 19:33:50', '2024-02-15 19:33:50'),
(285, 150, 44, '617.15', '2024-02-15 19:33:50', '2024-02-15 19:33:50'),
(286, 251, 19, '811.85', '2024-02-15 19:33:50', '2024-02-15 19:33:50'),
(287, 334, 27, '321.39', '2024-02-15 19:33:50', '2024-02-15 19:33:50'),
(288, 146, 60, '264.23', '2024-02-15 19:33:50', '2024-02-15 19:33:50'),
(289, 216, 43, '296.22', '2024-02-15 19:33:50', '2024-02-15 19:33:50'),
(290, 377, 8, '880.49', '2024-02-15 19:33:50', '2024-02-15 19:33:50'),
(291, 354, 74, '471.60', '2024-02-15 19:33:50', '2024-02-15 19:33:50'),
(292, 158, 14, '648.54', '2024-02-15 19:33:50', '2024-02-15 19:33:50'),
(293, 254, 27, '724.82', '2024-02-15 19:33:50', '2024-02-15 19:33:50'),
(294, 241, 64, '739.76', '2024-02-15 19:33:50', '2024-02-15 19:33:50'),
(295, 103, 63, '285.41', '2024-02-15 19:33:50', '2024-02-15 19:33:50'),
(296, 260, 77, '739.33', '2024-02-15 19:33:50', '2024-02-15 19:33:50'),
(297, 40, 82, '782.19', '2024-02-15 19:33:50', '2024-02-15 19:33:50'),
(298, 429, 82, '417.49', '2024-02-15 19:33:50', '2024-02-15 19:33:50'),
(299, 169, 30, '69.33', '2024-02-15 19:33:50', '2024-02-15 19:33:50'),
(300, 45, 95, '272.89', '2024-02-15 19:33:50', '2024-02-15 19:33:50'),
(301, 24, 44, '144.44', '2024-02-15 19:33:50', '2024-02-15 19:33:50'),
(302, 275, 42, '587.34', '2024-02-15 19:33:50', '2024-02-15 19:33:50'),
(303, 178, 28, '501.20', '2024-02-15 19:33:50', '2024-02-15 19:33:50'),
(304, 401, 41, '705.72', '2024-02-15 19:33:50', '2024-02-15 19:33:50'),
(305, 492, 13, '975.87', '2024-02-15 19:33:50', '2024-02-15 19:33:50'),
(306, 138, 100, '493.60', '2024-02-15 19:33:50', '2024-02-15 19:33:50'),
(307, 53, 67, '188.88', '2024-02-15 19:33:50', '2024-02-15 19:33:50'),
(308, 425, 33, '651.72', '2024-02-15 19:33:50', '2024-02-15 19:33:50'),
(309, 261, 58, '973.15', '2024-02-15 19:33:50', '2024-02-15 19:33:50'),
(310, 231, 70, '459.43', '2024-02-15 19:33:50', '2024-02-15 19:33:50'),
(311, 136, 62, '527.79', '2024-02-15 19:33:50', '2024-02-15 19:33:50'),
(312, 110, 81, '441.95', '2024-02-15 19:33:50', '2024-02-15 19:33:50'),
(313, 80, 39, '372.40', '2024-02-15 19:33:50', '2024-02-15 19:33:50'),
(314, 271, 11, '189.25', '2024-02-15 19:33:50', '2024-02-15 19:33:50'),
(315, 167, 12, '547.82', '2024-02-15 19:33:50', '2024-02-15 19:33:50'),
(316, 421, 49, '541.93', '2024-02-15 19:33:50', '2024-02-15 19:33:50'),
(317, 193, 62, '731.83', '2024-02-15 19:33:50', '2024-02-15 19:33:50'),
(318, 345, 31, '554.11', '2024-02-15 19:33:50', '2024-02-15 19:33:50'),
(319, 470, 80, '177.26', '2024-02-15 19:33:50', '2024-02-15 19:33:50'),
(320, 41, 43, '299.45', '2024-02-15 19:33:50', '2024-02-15 19:33:50'),
(321, 408, 67, '238.80', '2024-02-15 19:33:50', '2024-02-15 19:33:50'),
(322, 33, 97, '959.21', '2024-02-15 19:33:50', '2024-02-15 19:33:50'),
(323, 209, 22, '488.17', '2024-02-15 19:33:50', '2024-02-15 19:33:50'),
(324, 29, 62, '820.50', '2024-02-15 19:33:50', '2024-02-15 19:33:50'),
(325, 168, 20, '266.53', '2024-02-15 19:33:50', '2024-02-15 19:33:50'),
(326, 361, 82, '331.82', '2024-02-15 19:33:50', '2024-02-15 19:33:50'),
(327, 270, 17, '322.95', '2024-02-15 19:33:50', '2024-02-15 19:33:50'),
(328, 178, 59, '266.08', '2024-02-15 19:33:50', '2024-02-15 19:33:50'),
(329, 222, 27, '776.09', '2024-02-15 19:33:50', '2024-02-15 19:33:50'),
(330, 414, 52, '570.50', '2024-02-15 19:33:50', '2024-02-15 19:33:50'),
(331, 313, 99, '542.21', '2024-02-15 19:33:50', '2024-02-15 19:33:50'),
(332, 398, 56, '295.94', '2024-02-15 19:33:50', '2024-02-15 19:33:50'),
(333, 16, 46, '140.37', '2024-02-15 19:33:50', '2024-02-15 19:33:50'),
(334, 444, 58, '884.26', '2024-02-15 19:33:50', '2024-02-15 19:33:50'),
(335, 150, 95, '926.39', '2024-02-15 19:33:50', '2024-02-15 19:33:50'),
(336, 154, 9, '511.62', '2024-02-15 19:33:50', '2024-02-15 19:33:50'),
(337, 445, 70, '427.97', '2024-02-15 19:33:50', '2024-02-15 19:33:50'),
(338, 428, 21, '794.80', '2024-02-15 19:33:50', '2024-02-15 19:33:50'),
(339, 37, 51, '464.73', '2024-02-15 19:33:50', '2024-02-15 19:33:50'),
(340, 124, 7, '183.21', '2024-02-15 19:33:50', '2024-02-15 19:33:50'),
(341, 118, 91, '409.61', '2024-02-15 19:33:50', '2024-02-15 19:33:50'),
(342, 475, 71, '570.80', '2024-02-15 19:33:50', '2024-02-15 19:33:50'),
(343, 110, 75, '812.96', '2024-02-15 19:33:50', '2024-02-15 19:33:50'),
(344, 26, 5, '221.88', '2024-02-15 19:33:50', '2024-02-15 19:33:50'),
(345, 41, 57, '448.39', '2024-02-15 19:33:50', '2024-02-15 19:33:50'),
(346, 80, 85, '896.79', '2024-02-15 19:33:50', '2024-02-15 19:33:50'),
(347, 219, 28, '709.01', '2024-02-15 19:33:50', '2024-02-15 19:33:50'),
(348, 61, 12, '150.94', '2024-02-15 19:33:50', '2024-02-15 19:33:50'),
(349, 399, 10, '630.46', '2024-02-15 19:33:50', '2024-02-15 19:33:50'),
(350, 434, 96, '976.09', '2024-02-15 19:33:50', '2024-02-15 19:33:50'),
(351, 28, 41, '444.19', '2024-02-15 19:33:50', '2024-02-15 19:33:50'),
(352, 219, 77, '895.95', '2024-02-15 19:33:50', '2024-02-15 19:33:50'),
(353, 168, 51, '525.71', '2024-02-15 19:33:50', '2024-02-15 19:33:50'),
(354, 489, 51, '66.51', '2024-02-15 19:33:50', '2024-02-15 19:33:50'),
(355, 377, 6, '411.52', '2024-02-15 19:33:50', '2024-02-15 19:33:50'),
(356, 176, 72, '19.60', '2024-02-15 19:33:50', '2024-02-15 19:33:50'),
(357, 450, 27, '856.98', '2024-02-15 19:33:50', '2024-02-15 19:33:50'),
(358, 149, 15, '138.76', '2024-02-15 19:33:50', '2024-02-15 19:33:50'),
(359, 237, 93, '387.66', '2024-02-15 19:33:50', '2024-02-15 19:33:50'),
(360, 451, 78, '465.63', '2024-02-15 19:33:50', '2024-02-15 19:33:50'),
(361, 473, 21, '684.27', '2024-02-15 19:33:50', '2024-02-15 19:33:50'),
(362, 97, 74, '602.17', '2024-02-15 19:33:50', '2024-02-15 19:33:50'),
(363, 266, 13, '784.09', '2024-02-15 19:33:50', '2024-02-15 19:33:50'),
(364, 236, 100, '563.07', '2024-02-15 19:33:50', '2024-02-15 19:33:50'),
(365, 371, 85, '440.58', '2024-02-15 19:33:50', '2024-02-15 19:33:50'),
(366, 34, 68, '732.59', '2024-02-15 19:33:50', '2024-02-15 19:33:50'),
(367, 380, 82, '104.60', '2024-02-15 19:33:50', '2024-02-15 19:33:50'),
(368, 239, 23, '598.16', '2024-02-15 19:33:50', '2024-02-15 19:33:50'),
(369, 283, 91, '187.49', '2024-02-15 19:33:50', '2024-02-15 19:33:50'),
(370, 46, 49, '738.76', '2024-02-15 19:33:50', '2024-02-15 19:33:50'),
(371, 307, 70, '151.21', '2024-02-15 19:33:50', '2024-02-15 19:33:50'),
(372, 420, 88, '263.34', '2024-02-15 19:33:50', '2024-02-15 19:33:50'),
(373, 379, 53, '921.32', '2024-02-15 19:33:50', '2024-02-15 19:33:50'),
(374, 14, 84, '233.81', '2024-02-15 19:33:50', '2024-02-15 19:33:50'),
(375, 381, 68, '310.82', '2024-02-15 19:33:50', '2024-02-15 19:33:50'),
(376, 305, 67, '685.60', '2024-02-15 19:33:50', '2024-02-15 19:33:50'),
(377, 497, 52, '781.88', '2024-02-15 19:33:50', '2024-02-15 19:33:50'),
(378, 395, 53, '93.39', '2024-02-15 19:33:50', '2024-02-15 19:33:50'),
(379, 111, 48, '108.58', '2024-02-15 19:33:50', '2024-02-15 19:33:50'),
(380, 46, 38, '259.87', '2024-02-15 19:33:50', '2024-02-15 19:33:50'),
(381, 463, 26, '16.64', '2024-02-15 19:33:50', '2024-02-15 19:33:50'),
(382, 126, 52, '645.69', '2024-02-15 19:33:50', '2024-02-15 19:33:50'),
(383, 367, 82, '823.29', '2024-02-15 19:33:50', '2024-02-15 19:33:50'),
(384, 355, 14, '385.77', '2024-02-15 19:33:50', '2024-02-15 19:33:50'),
(385, 50, 6, '966.14', '2024-02-15 19:33:50', '2024-02-15 19:33:50'),
(386, 280, 94, '102.45', '2024-02-15 19:33:50', '2024-02-15 19:33:50'),
(387, 29, 32, '436.14', '2024-02-15 19:33:50', '2024-02-15 19:33:50'),
(388, 286, 23, '623.98', '2024-02-15 19:33:50', '2024-02-15 19:33:50'),
(389, 177, 56, '206.38', '2024-02-15 19:33:50', '2024-02-15 19:33:50'),
(390, 150, 56, '869.74', '2024-02-15 19:33:50', '2024-02-15 19:33:50'),
(391, 161, 10, '228.68', '2024-02-15 19:33:50', '2024-02-15 19:33:50'),
(392, 66, 20, '232.97', '2024-02-15 19:33:50', '2024-02-15 19:33:50'),
(393, 74, 52, '355.82', '2024-02-15 19:33:50', '2024-02-15 19:33:50'),
(394, 301, 9, '883.89', '2024-02-15 19:33:50', '2024-02-15 19:33:50'),
(395, 61, 100, '710.95', '2024-02-15 19:33:50', '2024-02-15 19:33:50'),
(396, 76, 2, '303.31', '2024-02-15 19:33:50', '2024-02-15 19:33:50'),
(397, 147, 36, '481.55', '2024-02-15 19:33:50', '2024-02-15 19:33:50'),
(398, 266, 56, '336.09', '2024-02-15 19:33:50', '2024-02-15 19:33:50'),
(399, 260, 37, '45.80', '2024-02-15 19:33:50', '2024-02-15 19:33:50'),
(400, 22, 42, '966.89', '2024-02-15 19:33:50', '2024-02-15 19:33:50'),
(401, 140, 4, '153.44', '2024-02-15 19:33:50', '2024-02-15 19:33:50'),
(402, 304, 32, '866.64', '2024-02-15 19:33:50', '2024-02-15 19:33:50'),
(403, 498, 47, '814.07', '2024-02-15 19:33:50', '2024-02-15 19:33:50'),
(404, 288, 4, '189.40', '2024-02-15 19:33:50', '2024-02-15 19:33:50'),
(405, 317, 22, '878.50', '2024-02-15 19:33:50', '2024-02-15 19:33:50'),
(406, 477, 18, '741.91', '2024-02-15 19:33:50', '2024-02-15 19:33:50'),
(407, 484, 36, '938.63', '2024-02-15 19:33:50', '2024-02-15 19:33:50'),
(408, 368, 42, '489.61', '2024-02-15 19:33:50', '2024-02-15 19:33:50'),
(409, 373, 20, '367.33', '2024-02-15 19:33:50', '2024-02-15 19:33:50'),
(410, 426, 46, '94.53', '2024-02-15 19:33:50', '2024-02-15 19:33:50'),
(411, 348, 31, '706.55', '2024-02-15 19:33:50', '2024-02-15 19:33:50'),
(412, 420, 80, '52.45', '2024-02-15 19:33:50', '2024-02-15 19:33:50'),
(413, 320, 5, '207.64', '2024-02-15 19:33:50', '2024-02-15 19:33:50'),
(414, 272, 81, '598.90', '2024-02-15 19:33:50', '2024-02-15 19:33:50'),
(415, 320, 58, '329.25', '2024-02-15 19:33:50', '2024-02-15 19:33:50'),
(416, 253, 90, '704.03', '2024-02-15 19:33:50', '2024-02-15 19:33:50'),
(417, 169, 73, '263.51', '2024-02-15 19:33:50', '2024-02-15 19:33:50'),
(418, 141, 98, '291.63', '2024-02-15 19:33:50', '2024-02-15 19:33:50'),
(419, 173, 95, '404.96', '2024-02-15 19:33:50', '2024-02-15 19:33:50'),
(420, 228, 33, '682.58', '2024-02-15 19:33:50', '2024-02-15 19:33:50'),
(421, 172, 63, '698.53', '2024-02-15 19:33:50', '2024-02-15 19:33:50'),
(422, 138, 19, '957.66', '2024-02-15 19:33:50', '2024-02-15 19:33:50'),
(423, 185, 49, '968.40', '2024-02-15 19:33:50', '2024-02-15 19:33:50'),
(424, 267, 21, '333.03', '2024-02-15 19:33:50', '2024-02-15 19:33:50'),
(425, 441, 30, '982.17', '2024-02-15 19:33:50', '2024-02-15 19:33:50'),
(426, 151, 9, '603.95', '2024-02-15 19:33:50', '2024-02-15 19:33:50'),
(427, 15, 90, '796.21', '2024-02-15 19:33:50', '2024-02-15 19:33:50'),
(428, 27, 12, '969.89', '2024-02-15 19:33:50', '2024-02-15 19:33:50'),
(429, 10, 62, '883.01', '2024-02-15 19:33:50', '2024-02-15 19:33:50'),
(430, 480, 26, '311.81', '2024-02-15 19:33:50', '2024-02-15 19:33:50'),
(431, 344, 77, '87.18', '2024-02-15 19:33:50', '2024-02-15 19:33:50'),
(432, 276, 18, '561.41', '2024-02-15 19:33:50', '2024-02-15 19:33:50'),
(433, 260, 3, '746.13', '2024-02-15 19:33:50', '2024-02-15 19:33:50'),
(434, 150, 88, '921.86', '2024-02-15 19:33:50', '2024-02-15 19:33:50'),
(435, 180, 89, '699.51', '2024-02-15 19:33:50', '2024-02-15 19:33:50'),
(436, 153, 89, '730.76', '2024-02-15 19:33:50', '2024-02-15 19:33:50'),
(437, 202, 83, '628.81', '2024-02-15 19:33:50', '2024-02-15 19:33:50'),
(438, 37, 55, '562.51', '2024-02-15 19:33:50', '2024-02-15 19:33:50'),
(439, 205, 30, '510.00', '2024-02-15 19:33:50', '2024-02-15 19:33:50'),
(440, 77, 96, '822.74', '2024-02-15 19:33:50', '2024-02-15 19:33:50'),
(441, 169, 99, '816.75', '2024-02-15 19:33:50', '2024-02-15 19:33:50'),
(442, 489, 99, '53.36', '2024-02-15 19:33:50', '2024-02-15 19:33:50'),
(443, 470, 34, '282.32', '2024-02-15 19:33:50', '2024-02-15 19:33:50'),
(444, 102, 12, '795.75', '2024-02-15 19:33:50', '2024-02-15 19:33:50'),
(445, 34, 41, '319.68', '2024-02-15 19:33:50', '2024-02-15 19:33:50'),
(446, 351, 94, '398.07', '2024-02-15 19:33:50', '2024-02-15 19:33:50'),
(447, 500, 7, '440.15', '2024-02-15 19:33:50', '2024-02-15 19:33:50'),
(448, 80, 8, '402.79', '2024-02-15 19:33:50', '2024-02-15 19:33:50'),
(449, 333, 26, '860.64', '2024-02-15 19:33:50', '2024-02-15 19:33:50'),
(450, 299, 4, '656.38', '2024-02-15 19:33:50', '2024-02-15 19:33:50'),
(451, 327, 65, '23.75', '2024-02-15 19:33:50', '2024-02-15 19:33:50'),
(452, 143, 79, '686.10', '2024-02-15 19:33:50', '2024-02-15 19:33:50'),
(453, 365, 58, '609.45', '2024-02-15 19:33:50', '2024-02-15 19:33:50'),
(454, 183, 6, '755.73', '2024-02-15 19:33:50', '2024-02-15 19:33:50'),
(455, 345, 40, '106.98', '2024-02-15 19:33:50', '2024-02-15 19:33:50'),
(456, 177, 46, '146.46', '2024-02-15 19:33:50', '2024-02-15 19:33:50'),
(457, 468, 83, '368.89', '2024-02-15 19:33:50', '2024-02-15 19:33:50'),
(458, 283, 59, '371.98', '2024-02-15 19:33:50', '2024-02-15 19:33:50'),
(459, 128, 50, '275.35', '2024-02-15 19:33:50', '2024-02-15 19:33:50'),
(460, 478, 34, '539.07', '2024-02-15 19:33:50', '2024-02-15 19:33:50'),
(461, 203, 2, '47.28', '2024-02-15 19:33:50', '2024-02-15 19:33:50'),
(462, 3, 68, '116.88', '2024-02-15 19:33:50', '2024-02-15 19:33:50'),
(463, 104, 79, '342.02', '2024-02-15 19:33:50', '2024-02-15 19:33:50'),
(464, 364, 40, '221.42', '2024-02-15 19:33:50', '2024-02-15 19:33:50'),
(465, 33, 53, '479.89', '2024-02-15 19:33:50', '2024-02-15 19:33:50'),
(467, 467, 16, '532.61', '2024-02-15 19:33:50', '2024-02-15 19:33:50'),
(468, 363, 53, '684.81', '2024-02-15 19:33:50', '2024-02-15 19:33:50'),
(469, 296, 93, '680.04', '2024-02-15 19:33:50', '2024-02-15 19:33:50'),
(470, 309, 81, '123.77', '2024-02-15 19:33:50', '2024-02-15 19:33:50'),
(471, 232, 39, '886.97', '2024-02-15 19:33:50', '2024-02-15 19:33:50'),
(472, 380, 35, '253.60', '2024-02-15 19:33:50', '2024-02-15 19:33:50'),
(473, 458, 7, '15.21', '2024-02-15 19:33:50', '2024-02-15 19:33:50'),
(474, 77, 57, '481.17', '2024-02-15 19:33:50', '2024-02-15 19:33:50'),
(475, 52, 5, '210.01', '2024-02-15 19:33:50', '2024-02-15 19:33:50'),
(476, 350, 41, '116.03', '2024-02-15 19:33:50', '2024-02-15 19:33:50'),
(477, 325, 27, '791.78', '2024-02-15 19:33:50', '2024-02-15 19:33:50'),
(478, 282, 57, '115.59', '2024-02-15 19:33:50', '2024-02-15 19:33:50'),
(479, 302, 10, '863.18', '2024-02-15 19:33:50', '2024-02-15 19:33:50'),
(480, 272, 30, '520.48', '2024-02-15 19:33:50', '2024-02-15 19:33:50'),
(481, 375, 40, '616.15', '2024-02-15 19:33:50', '2024-02-15 19:33:50'),
(482, 63, 6, '99.39', '2024-02-15 19:33:50', '2024-02-15 19:33:50'),
(483, 244, 15, '529.12', '2024-02-15 19:33:50', '2024-02-15 19:33:50'),
(484, 174, 83, '514.34', '2024-02-15 19:33:50', '2024-02-15 19:33:50'),
(485, 245, 25, '713.09', '2024-02-15 19:33:50', '2024-02-15 19:33:50'),
(486, 227, 71, '88.78', '2024-02-15 19:33:50', '2024-02-15 19:33:50'),
(487, 230, 19, '851.04', '2024-02-15 19:33:50', '2024-02-15 19:33:50'),
(488, 415, 63, '842.87', '2024-02-15 19:33:50', '2024-02-15 19:33:50'),
(489, 419, 32, '740.99', '2024-02-15 19:33:50', '2024-02-15 19:33:50'),
(490, 417, 84, '980.01', '2024-02-15 19:33:50', '2024-02-15 19:33:50'),
(491, 157, 34, '834.06', '2024-02-15 19:33:50', '2024-02-15 19:33:50'),
(492, 261, 64, '704.75', '2024-02-15 19:33:50', '2024-02-15 19:33:50'),
(493, 367, 95, '965.39', '2024-02-15 19:33:50', '2024-02-15 19:33:50'),
(494, 367, 13, '804.55', '2024-02-15 19:33:50', '2024-02-15 19:33:50'),
(495, 385, 98, '140.10', '2024-02-15 19:33:50', '2024-02-15 19:33:50'),
(496, 145, 84, '39.54', '2024-02-15 19:33:50', '2024-02-15 19:33:50'),
(497, 378, 88, '730.54', '2024-02-15 19:33:50', '2024-02-15 19:33:50'),
(498, 391, 36, '146.45', '2024-02-15 19:33:50', '2024-02-15 19:33:50'),
(499, 233, 71, '681.73', '2024-02-15 19:33:50', '2024-02-15 19:33:50'),
(500, 353, 72, '979.90', '2024-02-15 19:33:50', '2024-02-15 19:33:50');

-- --------------------------------------------------------

--
-- Table structure for table `suppliers`
--

CREATE TABLE `suppliers` (
  `id` bigint(20) UNSIGNED NOT NULL,
  `name` varchar(255) NOT NULL,
  `address` varchar(255) NOT NULL,
  `created_at` timestamp NULL DEFAULT NULL,
  `updated_at` timestamp NULL DEFAULT NULL
) ENGINE=InnoDB DEFAULT CHARSET=utf8mb4 COLLATE=utf8mb4_unicode_ci;

--
-- Dumping data for table `suppliers`
--

INSERT INTO `suppliers` (`id`, `name`, `address`, `created_at`, `updated_at`) VALUES
(1, 'Anderson PLC', '60561 Hyatt Field Suite 892\nAlexanderbury, WY 85932', '2024-02-15 19:33:39', '2024-02-15 19:33:39'),
(2, 'Kub Group', '87165 Hudson Point Suite 132\nPort Sofia, ID 70679-2092', '2024-02-15 19:33:39', '2024-02-15 19:33:39'),
(3, 'Wisoky and Sons', '1656 Anderson Alley Suite 987\nSchadenmouth, AK 37764-2005', '2024-02-15 19:33:39', '2024-02-15 19:33:39'),
(4, 'Sipes, Boyer and Kirlin', '3639 Cruz Tunnel\nEast Kenyon, MA 69286', '2024-02-15 19:33:39', '2024-02-15 19:33:39'),
(5, 'Greenholt, Ernser and Predovic', '934 Iliana Island\nPort Meaganton, OH 61709', '2024-02-15 19:33:39', '2024-02-15 19:33:39'),
(6, 'Kutch, Flatley and Vandervort', '112 Jerde Walks\nBrycechester, NM 68490-9389', '2024-02-15 19:33:39', '2024-02-15 19:33:39'),
(7, 'Volkman Group', '1538 Bogan Landing\nLake Edfurt, HI 46110-4983', '2024-02-15 19:33:39', '2024-02-15 19:33:39'),
(8, 'Mayer-Collins', '13787 Abernathy Courts\nRodriguezchester, HI 15152-3422', '2024-02-15 19:33:39', '2024-02-15 19:33:39'),
(9, 'Cassin-Larkin', '692 Vicenta Manors\nWestland, NY 28701', '2024-02-15 19:33:39', '2024-02-15 19:33:39'),
(10, 'White-Jaskolski', '6162 Hayes Road Suite 173\nWileyfort, OK 79058-4440', '2024-02-15 19:33:39', '2024-02-15 19:33:39'),
(11, 'Rau Group', '5601 Lukas Greens Apt. 448\nGleasontown, AR 85768', '2024-02-15 19:33:39', '2024-02-15 19:33:39'),
(12, 'Lind-Wehner', '78072 Crist Underpass\nLake Rosalynborough, NC 10554-5339', '2024-02-15 19:33:39', '2024-02-15 19:33:39'),
(13, 'Hermann, Price and Crist', '940 Rutherford Hill\nKathlynbury, HI 42378', '2024-02-15 19:33:39', '2024-02-15 19:33:39'),
(14, 'Roberts, Gusikowski and Wyman', '75804 Schaden Parkways Suite 725\nKlockoside, IL 64540-0113', '2024-02-15 19:33:39', '2024-02-15 19:33:39'),
(15, 'Gleason, Douglas and Mann', '3006 McLaughlin Court\nLeschton, UT 32498-6836', '2024-02-15 19:33:39', '2024-02-15 19:33:39'),
(16, 'Osinski, Emard and Glover', '941 Ignacio View\nWintheiserchester, SC 45442-7823', '2024-02-15 19:33:39', '2024-02-15 19:33:39'),
(17, 'Reichel-Roob', '27952 Marvin Crest\nEast Gretchenville, NH 18405', '2024-02-15 19:33:39', '2024-02-15 19:33:39'),
(18, 'Thompson Inc', '16232 Schimmel Lake\nSchowalterton, KS 90485', '2024-02-15 19:33:39', '2024-02-15 19:33:39'),
(19, 'Mayer-Braun', '87011 Emmy Meadow Apt. 262\nLake Friedrichside, IL 37446', '2024-02-15 19:33:39', '2024-02-15 19:33:39'),
(20, 'Bosco, Russel and Sawayn', '4357 Michelle Turnpike Suite 274\nKesslerberg, RI 35342-9481', '2024-02-15 19:33:39', '2024-02-15 19:33:39'),
(21, 'Mueller, McKenzie and Shanahan', '119 Murray Throughway Suite 625\nPort Gregorio, NJ 24787', '2024-02-15 19:33:39', '2024-02-15 19:33:39'),
(22, 'Ullrich, Kuvalis and Kertzmann', '809 Jones Parks\nConroyport, MT 22608', '2024-02-15 19:33:39', '2024-02-15 19:33:39'),
(23, 'Borer Group', '25906 Schultz Shores\nWest Harveymouth, NJ 49058-2628', '2024-02-15 19:33:39', '2024-02-15 19:33:39'),
(24, 'Smith-Harber', '5039 Balistreri Street Suite 079\nCrystalchester, OR 11979-5373', '2024-02-15 19:33:39', '2024-02-15 19:33:39'),
(25, 'Homenick LLC', '617 Conroy Parkways Suite 545\nHyatthaven, SD 39292', '2024-02-15 19:33:39', '2024-02-15 19:33:39'),
(26, 'Ullrich Group', '30857 Annabell Plains\nNorth Pablo, NY 24119', '2024-02-15 19:33:39', '2024-02-15 19:33:39'),
(27, 'Cruickshank PLC', '96103 Herman Drive Apt. 271\nBahringermouth, SD 53944', '2024-02-15 19:33:39', '2024-02-15 19:33:39'),
(28, 'Bailey, Romaguera and Medhurst', '28138 Paucek Pines\nLake Beverlymouth, OK 06055', '2024-02-15 19:33:39', '2024-02-15 19:33:39'),
(29, 'Marvin, Johns and Hudson', '782 Camryn Ranch\nMannburgh, TN 64349-0019', '2024-02-15 19:33:39', '2024-02-15 19:33:39'),
(30, 'Hammes, Batz and Morar', '8950 Diamond Stream\nLake Maggieborough, WA 22168', '2024-02-15 19:33:39', '2024-02-15 19:33:39'),
(31, 'Champlin-Moore', '49373 Nader Valley Suite 082\nD\'Amoreborough, VA 50346-4725', '2024-02-15 19:33:39', '2024-02-15 19:33:39'),
(32, 'Fahey-Fisher', '71812 Conroy Inlet Apt. 325\nSouth Cordia, DE 63144', '2024-02-15 19:33:39', '2024-02-15 19:33:39'),
(33, 'Crona LLC', '86861 Moen Expressway Suite 931\nNorth Fanny, UT 89424', '2024-02-15 19:33:39', '2024-02-15 19:33:39'),
(34, 'Murphy-Graham', '15777 Kozey Trail\nWest Ellen, RI 84655', '2024-02-15 19:33:39', '2024-02-15 19:33:39'),
(35, 'McGlynn-Lakin', '8873 Skiles Mission Apt. 287\nPort Tyrese, AK 70720-4870', '2024-02-15 19:33:39', '2024-02-15 19:33:39'),
(36, 'Boyle, Huel and Romaguera', '27400 Eden Street Suite 954\nVonRuedenfort, TN 92736', '2024-02-15 19:33:39', '2024-02-15 19:33:39'),
(37, 'Oberbrunner, Breitenberg and O\'Conner', '17144 Bradtke Court Suite 407\nCollierborough, KS 45687-1201', '2024-02-15 19:33:39', '2024-02-15 19:33:39'),
(38, 'Reinger-Lakin', '9092 Summer Parks\nJastfurt, AZ 52788', '2024-02-15 19:33:39', '2024-02-15 19:33:39'),
(39, 'Thiel-Yost', '987 Jefferey Green Apt. 479\nNew Ned, VT 51587-4217', '2024-02-15 19:33:39', '2024-02-15 19:33:39'),
(40, 'Crist and Sons', '573 D\'Amore Center Apt. 991\nEast Zackary, OK 17813-5350', '2024-02-15 19:33:39', '2024-02-15 19:33:39'),
(41, 'Rempel-Pfannerstill', '6197 Liana Mills Apt. 821\nEast Brant, AK 36290', '2024-02-15 19:33:39', '2024-02-15 19:33:39'),
(42, 'Effertz LLC', '11453 Broderick Trace Apt. 674\nPort Mason, AR 24452', '2024-02-15 19:33:39', '2024-02-15 19:33:39'),
(43, 'Feil Group', '3541 O\'Reilly Mills Suite 328\nWest Tillman, AR 43281', '2024-02-15 19:33:39', '2024-02-15 19:33:39'),
(44, 'White and Sons', '8142 Larson Villages\nLoweborough, MI 96690-5905', '2024-02-15 19:33:39', '2024-02-15 19:33:39'),
(45, 'Braun-McLaughlin', '77561 Johnathon Groves\nLake Patsy, MS 61631', '2024-02-15 19:33:39', '2024-02-15 19:33:39'),
(46, 'Sanford Inc', '8372 Betsy Circle\nSheaburgh, WY 75715-0896', '2024-02-15 19:33:39', '2024-02-15 19:33:39'),
(47, 'Kreiger Inc', '431 Hartmann Locks\nJerrellborough, KS 79888', '2024-02-15 19:33:39', '2024-02-15 19:33:39'),
(48, 'Treutel, DuBuque and Nienow', '985 Rogahn Loop Apt. 183\nGislasonfort, IN 65781', '2024-02-15 19:33:39', '2024-02-15 19:33:39'),
(49, 'Greenholt Ltd', '877 Bergnaum Drive\nNew Damonton, IL 72290-2951', '2024-02-15 19:33:39', '2024-02-15 19:33:39'),
(50, 'Langworth, Sipes and Beer', '1213 Zelda Walk\nNew Ryley, IA 63167', '2024-02-15 19:33:39', '2024-02-15 19:33:39'),
(51, 'McDermott Group', '53657 Danyka Station\nSchoenchester, RI 34246', '2024-02-15 19:33:39', '2024-02-15 19:33:39'),
(52, 'D\'Amore Inc', '1948 Kutch Mission\nEast Emeliemouth, MT 73847-5695', '2024-02-15 19:33:39', '2024-02-15 19:33:39'),
(53, 'Kub-Hudson', '181 Rodriguez Streets Suite 521\nSouth Beryl, MA 86603', '2024-02-15 19:33:39', '2024-02-15 19:33:39'),
(54, 'Ernser-Ortiz', '27678 Sheldon Bypass Suite 023\nSouth Jammie, AL 89190', '2024-02-15 19:33:39', '2024-02-15 19:33:39'),
(55, 'Hansen-Zulauf', '77157 Wyman Cape Suite 873\nNorth Enolashire, CO 26576', '2024-02-15 19:33:39', '2024-02-15 19:33:39'),
(56, 'Fadel, Kassulke and Crona', '810 Renner Island Suite 123\nWest Kieltown, CA 86619', '2024-02-15 19:33:39', '2024-02-15 19:33:39'),
(57, 'Ferry-Mosciski', '9051 Gay Field Suite 772\nKundefurt, WY 10267', '2024-02-15 19:33:39', '2024-02-15 19:33:39'),
(58, 'Bayer, Bergnaum and Cole', '82665 Pouros Burgs Suite 097\nLake Neilhaven, ID 29961', '2024-02-15 19:33:39', '2024-02-15 19:33:39'),
(59, 'Doyle, Pouros and Hayes', '59404 Reta Prairie Apt. 260\nNorth Norberto, TX 10743-0267', '2024-02-15 19:33:39', '2024-02-15 19:33:39'),
(60, 'Crooks-McDermott', '998 Yundt Expressway\nNorth Calebshire, NM 18458', '2024-02-15 19:33:39', '2024-02-15 19:33:39'),
(61, 'Torp and Sons', '9948 Shanahan Stream Apt. 071\nAlexieland, ID 94872-3370', '2024-02-15 19:33:39', '2024-02-15 19:33:39'),
(62, 'Walter PLC', '915 Konopelski Overpass Apt. 937\nHayesville, AK 59178-2471', '2024-02-15 19:33:39', '2024-02-15 19:33:39'),
(63, 'Strosin PLC', '84563 Mann Wells Apt. 583\nEast Giovanny, KY 77648', '2024-02-15 19:33:39', '2024-02-15 19:33:39'),
(64, 'Schneider Group', '7720 Narciso Gardens Suite 469\nWest Olachester, GA 86908', '2024-02-15 19:33:39', '2024-02-15 19:33:39'),
(65, 'Kunze-Paucek', '996 Blick Oval\nHoweburgh, OH 69352-0716', '2024-02-15 19:33:39', '2024-02-15 19:33:39'),
(66, 'Reichel-King', '505 Stewart Fields Suite 015\nNorth Maxineton, MA 57925-1189', '2024-02-15 19:33:39', '2024-02-15 19:33:39'),
(67, 'Jaskolski-Senger', '75552 Heber Island\nPort Peggiemouth, OH 30875', '2024-02-15 19:33:39', '2024-02-15 19:33:39'),
(68, 'Cronin-Marks', '84828 Schimmel Summit Suite 829\nLake Jalyntown, SC 10118', '2024-02-15 19:33:39', '2024-02-15 19:33:39'),
(69, 'Kemmer-Russel', '3720 Danielle Street Suite 609\nElmerville, ID 75333', '2024-02-15 19:33:39', '2024-02-15 19:33:39'),
(70, 'Jaskolski, Quitzon and Mueller', '68775 Leilani Pines Apt. 798\nNorth Neomastad, MA 73111', '2024-02-15 19:33:39', '2024-02-15 19:33:39'),
(71, 'Champlin-Schulist', '43405 Vena Pike Apt. 382\nEast Pierce, MO 92604', '2024-02-15 19:33:39', '2024-02-15 19:33:39'),
(72, 'Terry-Wiegand', '44726 Heller Terrace\nWuckerttown, DE 30064-2653', '2024-02-15 19:33:39', '2024-02-15 19:33:39'),
(73, 'Nader PLC', '46319 Francesca Walks\nLetitiahaven, NY 24725', '2024-02-15 19:33:39', '2024-02-15 19:33:39'),
(74, 'Durgan-Herman', '899 Rhianna Plaza Suite 728\nSouth Leanne, KY 77155-9160', '2024-02-15 19:33:39', '2024-02-15 19:33:39'),
(75, 'Ward-Schaden', '49598 Vergie Corner\nEast Vernon, TX 45682-0065', '2024-02-15 19:33:39', '2024-02-15 19:33:39'),
(76, 'Nicolas and Sons', '784 Jennifer Street\nAntoninafurt, AL 49671-0774', '2024-02-15 19:33:39', '2024-02-15 19:33:39'),
(77, 'Skiles PLC', '16994 Berge Estate Suite 324\nPort Joanie, TN 56884', '2024-02-15 19:33:39', '2024-02-15 19:33:39'),
(78, 'Renner, Jacobi and Larson', '1321 Emard Highway\nNorth Rudolph, AR 66101', '2024-02-15 19:33:39', '2024-02-15 19:33:39'),
(79, 'Wilderman-Casper', '536 Adams Vista Apt. 376\nParkerborough, HI 12867-2516', '2024-02-15 19:33:39', '2024-02-15 19:33:39'),
(80, 'Ward, Moore and Morar', '91846 Felicita Gardens\nLake Michaelville, UT 00423', '2024-02-15 19:33:39', '2024-02-15 19:33:39'),
(81, 'Hane and Sons', '879 Kenyatta Unions\nEast Jordaneborough, FL 53748', '2024-02-15 19:33:39', '2024-02-15 19:33:39'),
(82, 'Hilpert, Pacocha and Nicolas', '7768 Hahn Tunnel\nWest Joy, TN 54573', '2024-02-15 19:33:39', '2024-02-15 19:33:39'),
(83, 'Lynch, Schneider and Kuhlman', '53817 Josianne Keys Suite 268\nNew Enoch, RI 29259-7884', '2024-02-15 19:33:39', '2024-02-15 19:33:39'),
(84, 'Sipes and Sons', '736 Gulgowski Stravenue Apt. 008\nBeierside, SD 20477', '2024-02-15 19:33:39', '2024-02-15 19:33:39'),
(85, 'Konopelski, Langworth and Schimmel', '44171 Rowena Overpass Apt. 029\nNew Javier, ME 76019-9623', '2024-02-15 19:33:39', '2024-02-15 19:33:39'),
(86, 'Schmeler and Sons', '20913 Olin Fall\nElviefurt, LA 15892-5535', '2024-02-15 19:33:39', '2024-02-15 19:33:39'),
(87, 'Kautzer-Okuneva', '4639 Reichel Forest Suite 348\nWardland, MD 50817-2193', '2024-02-15 19:33:39', '2024-02-15 19:33:39'),
(88, 'Klein Ltd', '2727 Lucy Harbors Apt. 693\nPort Jaylin, FL 12401', '2024-02-15 19:33:39', '2024-02-15 19:33:39'),
(89, 'Volkman-Okuneva', '467 Ignatius Locks Apt. 442\nNorth Joesphmouth, WI 96129-4219', '2024-02-15 19:33:39', '2024-02-15 19:33:39'),
(90, 'Zieme, Macejkovic and Lind', '189 Orie Mount\nNew Micah, CT 50647-2617', '2024-02-15 19:33:39', '2024-02-15 19:33:39'),
(91, 'O\'Reilly Group', '733 Lizzie Extensions Suite 358\nWillmsport, MA 71392', '2024-02-15 19:33:39', '2024-02-15 19:33:39'),
(92, 'Wiza, Torphy and Blick', '311 Maurice Hills\nMeaganchester, SD 87056-6467', '2024-02-15 19:33:39', '2024-02-15 19:33:39'),
(93, 'Crist PLC', '1974 Krajcik Skyway Suite 535\nGottliebborough, DE 36843', '2024-02-15 19:33:39', '2024-02-15 19:33:39'),
(94, 'Jaskolski, Weissnat and Robel', '5790 Lynch Villages\nPort Dominicville, ND 36546', '2024-02-15 19:33:39', '2024-02-15 19:33:39'),
(95, 'Tromp LLC', '4360 Bogan Cliff\nWest Daija, CT 19520', '2024-02-15 19:33:39', '2024-02-15 19:33:39'),
(96, 'Rutherford Group', '696 Florencio Way\nLake Jerryport, MS 56247-7661', '2024-02-15 19:33:39', '2024-02-15 19:33:39'),
(97, 'Conn-Runte', '82590 Rau Walks\nWest Andrew, AR 81392', '2024-02-15 19:33:39', '2024-02-15 19:33:39'),
(98, 'Greenholt-Rippin', '4017 Karli Lodge\nGislasonmouth, AZ 77028', '2024-02-15 19:33:39', '2024-02-15 19:33:39'),
(99, 'Toy-Mueller', '5810 Amanda Hills Apt. 743\nTierraside, NH 02274', '2024-02-15 19:33:39', '2024-02-15 19:33:39'),
(100, 'Stehr-Cassin', '750 Genevieve Well\nEast Caleigh, MT 90829-2331', '2024-02-15 19:33:39', '2024-02-15 19:33:39'),
(101, 'Veum-Senger', '98259 Mohr Brooks\nGutkowskifurt, RI 75542', '2024-02-15 19:33:39', '2024-02-15 19:33:39'),
(102, 'Sporer, Kertzmann and Okuneva', '73427 Gulgowski Motorway Apt. 977\nSouth Sidney, HI 17170', '2024-02-15 19:33:39', '2024-02-15 19:33:39'),
(103, 'Quigley, Kub and Beatty', '794 Warren Pike\nMaybelleview, WI 10060-8963', '2024-02-15 19:33:39', '2024-02-15 19:33:39'),
(104, 'Roberts, D\'Amore and Ondricka', '122 Wisozk Prairie\nEast Derrick, AZ 60615-9791', '2024-02-15 19:33:39', '2024-02-15 19:33:39'),
(105, 'Kub, Ruecker and Stark', '9399 Beier Ports Apt. 664\nSouth Victoriaberg, FL 74649', '2024-02-15 19:33:39', '2024-02-15 19:33:39'),
(106, 'Walker, Casper and Macejkovic', '9692 Dayna Corners Suite 317\nShieldsfurt, NJ 74595-5446', '2024-02-15 19:33:39', '2024-02-15 19:33:39'),
(107, 'Koelpin LLC', '34508 Brisa Roads Apt. 238\nLake Tedfurt, NC 65890', '2024-02-15 19:33:39', '2024-02-15 19:33:39'),
(108, 'Stokes Inc', '920 Corwin Bypass Apt. 161\nErdmanfurt, NY 93118', '2024-02-15 19:33:39', '2024-02-15 19:33:39'),
(109, 'Hyatt, Dickinson and Heathcote', '81963 Abbott Drive Apt. 753\nWest Leannaville, TX 05739-6616', '2024-02-15 19:33:39', '2024-02-15 19:33:39'),
(110, 'Rosenbaum PLC', '361 Hershel Ramp Suite 493\nSantosland, NJ 13750-0269', '2024-02-15 19:33:39', '2024-02-15 19:33:39'),
(111, 'Mohr-Legros', '6069 Milton Loop Suite 909\nCaseyville, AL 82026-9364', '2024-02-15 19:33:39', '2024-02-15 19:33:39'),
(112, 'Terry PLC', '493 Verna Islands\nNew Theodora, AK 85719-8696', '2024-02-15 19:33:39', '2024-02-15 19:33:39'),
(113, 'Becker, Gibson and Smith', '96283 Verna Extensions Apt. 831\nNew Katrina, VT 73321-2334', '2024-02-15 19:33:39', '2024-02-15 19:33:39'),
(114, 'Pollich Inc', '34095 Carolina Motorway Apt. 306\nWest Edgardotown, VA 37067', '2024-02-15 19:33:39', '2024-02-15 19:33:39'),
(115, 'Trantow-Senger', '4933 Mosciski Branch Suite 661\nLake Bobby, OK 19338-9400', '2024-02-15 19:33:39', '2024-02-15 19:33:39'),
(116, 'Osinski-Fadel', '67783 Watsica Passage\nKuhictown, UT 93171-3760', '2024-02-15 19:33:39', '2024-02-15 19:33:39'),
(117, 'Klocko, Gerlach and Kertzmann', '556 Kamron Way Apt. 997\nNorth Leopold, LA 03427', '2024-02-15 19:33:39', '2024-02-15 19:33:39'),
(118, 'Larson, Toy and Ullrich', '37163 Rice Green\nBeerville, MO 59444-4942', '2024-02-15 19:33:39', '2024-02-15 19:33:39'),
(119, 'Swift, Vandervort and Bahringer', '8778 Rhiannon Path\nRubenmouth, MD 52806', '2024-02-15 19:33:39', '2024-02-15 19:33:39'),
(120, 'Mills-Eichmann', '3201 Elfrieda Burg\nAylintown, SC 12187', '2024-02-15 19:33:39', '2024-02-15 19:33:39'),
(121, 'Pouros PLC', '78269 Crystel Parkway\nLake Helena, NJ 98178', '2024-02-15 19:33:39', '2024-02-15 19:33:39'),
(122, 'Spinka, Kihn and Feil', '33629 Peggie Views Suite 980\nLake Maxiefort, AK 63224-2036', '2024-02-15 19:33:39', '2024-02-15 19:33:39'),
(123, 'Dooley-McKenzie', '316 Gaetano Cliff\nGaylordshire, HI 77739-5390', '2024-02-15 19:33:39', '2024-02-15 19:33:39'),
(124, 'Runolfsdottir Group', '2726 Zboncak Glens Apt. 355\nWest Joanieshire, WI 95782-1724', '2024-02-15 19:33:39', '2024-02-15 19:33:39'),
(125, 'Lebsack PLC', '93689 Prohaska Divide\nSchmelerborough, NC 34533-6980', '2024-02-15 19:33:39', '2024-02-15 19:33:39'),
(126, 'Mills Inc', '54419 Myles Green\nWest Delia, NE 27473-5780', '2024-02-15 19:33:39', '2024-02-15 19:33:39'),
(127, 'Grant-Kuphal', '40448 Enrique Park Apt. 743\nEast Pricemouth, WY 35004', '2024-02-15 19:33:39', '2024-02-15 19:33:39'),
(128, 'Yost, Robel and Langworth', '845 Ewell Avenue Suite 385\nDamienview, MN 81896-7320', '2024-02-15 19:33:39', '2024-02-15 19:33:39'),
(129, 'O\'Kon-Zulauf', '135 Caleb Rest Suite 530\nJakubowskiland, MN 48257-9859', '2024-02-15 19:33:39', '2024-02-15 19:33:39'),
(130, 'Schulist, Mueller and Schmidt', '47156 Beier Light Suite 873\nWest Miahaven, NC 24361', '2024-02-15 19:33:39', '2024-02-15 19:33:39'),
(131, 'Howell-Bayer', '47748 Botsford Expressway\nLylaside, NE 67336', '2024-02-15 19:33:39', '2024-02-15 19:33:39'),
(132, 'Daniel Inc', '60507 Cassin Villages Apt. 548\nOfeliaside, HI 55082-9570', '2024-02-15 19:33:39', '2024-02-15 19:33:39'),
(133, 'Bashirian Ltd', '817 Metz Stravenue Suite 704\nLake Vito, PA 81167-0334', '2024-02-15 19:33:39', '2024-02-15 19:33:39'),
(134, 'Conroy, Reichert and Hauck', '343 Casper Shores\nIrvingfort, WA 65026', '2024-02-15 19:33:39', '2024-02-15 19:33:39'),
(135, 'Predovic, Nikolaus and Waelchi', '901 Harvey Mill\nBarrowsland, MA 37543', '2024-02-15 19:33:39', '2024-02-15 19:33:39'),
(136, 'Thompson-Crooks', '43877 Chloe Springs Suite 753\nNew Webster, NV 71154-5527', '2024-02-15 19:33:39', '2024-02-15 19:33:39'),
(137, 'Mohr, Legros and Harvey', '90985 Spinka Street\nAdolfomouth, AL 60020-8391', '2024-02-15 19:33:39', '2024-02-15 19:33:39'),
(138, 'Emmerich, Powlowski and Roberts', '39652 Jayde Row Suite 423\nSouth Magdalenside, CA 97961', '2024-02-15 19:33:39', '2024-02-15 19:33:39'),
(139, 'Murray Group', '4593 Gaetano View\nDeckowtown, NJ 50870', '2024-02-15 19:33:39', '2024-02-15 19:33:39'),
(140, 'Mosciski LLC', '556 Anne Wells\nGorczanyshire, NY 46173-4369', '2024-02-15 19:33:39', '2024-02-15 19:33:39'),
(141, 'O\'Conner, Feeney and McLaughlin', '7573 Nella Terrace Suite 203\nKaydenton, TX 69479-6878', '2024-02-15 19:33:39', '2024-02-15 19:33:39'),
(142, 'Abbott LLC', '297 Kayley Heights\nSouth Aldaport, VT 40100-0504', '2024-02-15 19:33:39', '2024-02-15 19:33:39'),
(143, 'Dickinson Ltd', '9115 Larkin Track Suite 433\nEast Alessandra, NE 80975', '2024-02-15 19:33:39', '2024-02-15 19:33:39'),
(144, 'Sporer Ltd', '14939 Zieme Summit Apt. 886\nShaunfort, MA 59876', '2024-02-15 19:33:39', '2024-02-15 19:33:39'),
(145, 'Zulauf-Sanford', '49945 Spinka Crossroad\nHansenburgh, MD 70278', '2024-02-15 19:33:39', '2024-02-15 19:33:39'),
(146, 'Hayes and Sons', '377 Claudie Passage Suite 351\nBauchport, MT 34673-4644', '2024-02-15 19:33:39', '2024-02-15 19:33:39'),
(147, 'Keeling-Kutch', '7221 Stanton Underpass Apt. 176\nLake Noemybury, AK 06148', '2024-02-15 19:33:39', '2024-02-15 19:33:39'),
(148, 'Will-Turner', '877 Crooks Islands\nYostberg, ME 66289-1441', '2024-02-15 19:33:39', '2024-02-15 19:33:39'),
(149, 'Crist-Fisher', '3442 Klein Mountains Apt. 101\nSipesside, CO 12981-3520', '2024-02-15 19:33:39', '2024-02-15 19:33:39'),
(150, 'Wintheiser-Wiza', '560 Jade Crossroad\nLake Therese, WA 39929-3181', '2024-02-15 19:33:39', '2024-02-15 19:33:39'),
(151, 'Doyle-Beatty', '56540 Grady Corner\nLake Baronborough, MI 08236-5092', '2024-02-15 19:33:39', '2024-02-15 19:33:39'),
(152, 'Okuneva-Bogisich', '14552 Mozell Union\nKittyport, WY 86425', '2024-02-15 19:33:39', '2024-02-15 19:33:39'),
(153, 'Flatley, Jenkins and Swaniawski', '6495 Dooley Wall Apt. 822\nCurtisberg, UT 43417-4159', '2024-02-15 19:33:39', '2024-02-15 19:33:39'),
(154, 'Conn, Johns and Shanahan', '883 Flatley Bridge Apt. 188\nSchroederberg, NE 63465', '2024-02-15 19:33:39', '2024-02-15 19:33:39'),
(155, 'Lemke, Lind and Runolfsdottir', '8678 Parisian Forges\nStokesport, NH 67461', '2024-02-15 19:33:39', '2024-02-15 19:33:39'),
(156, 'Stehr and Sons', '213 Catherine Haven Suite 572\nSouth Clareside, FL 27549', '2024-02-15 19:33:39', '2024-02-15 19:33:39'),
(157, 'Dach-Dickens', '68783 Mack Highway\nKatherineside, KS 35856-3701', '2024-02-15 19:33:39', '2024-02-15 19:33:39'),
(158, 'Bauch, Moen and Barrows', '930 Jada Plains Apt. 133\nNorth Haleighmouth, AK 26185', '2024-02-15 19:33:39', '2024-02-15 19:33:39'),
(159, 'Gislason-Durgan', '1039 Neil Wall Suite 372\nJadaton, KY 15091-4582', '2024-02-15 19:33:39', '2024-02-15 19:33:39'),
(160, 'Reinger PLC', '54472 Morissette Divide\nPort Mayramouth, AZ 64695-0334', '2024-02-15 19:33:39', '2024-02-15 19:33:39'),
(161, 'Swift-Ruecker', '82983 Madilyn Ports\nLillaport, WI 11421-1035', '2024-02-15 19:33:39', '2024-02-15 19:33:39'),
(162, 'Jacobs-Greenfelder', '34729 Zieme Land Apt. 013\nTheodoraberg, OH 93585', '2024-02-15 19:33:39', '2024-02-15 19:33:39'),
(163, 'Sipes Group', '6732 Allison Ville\nSouth Haskell, FL 50435', '2024-02-15 19:33:39', '2024-02-15 19:33:39'),
(164, 'Wiza, Mosciski and Rippin', '7114 Keith Ridges\nWolffmouth, ME 34103-8226', '2024-02-15 19:33:39', '2024-02-15 19:33:39'),
(165, 'Kertzmann, Rice and Gleichner', '813 Robyn Port\nJarrodview, NM 71188', '2024-02-15 19:33:39', '2024-02-15 19:33:39'),
(166, 'Treutel-Schiller', '5140 Barrows Fork Apt. 425\nVeumville, CO 74969', '2024-02-15 19:33:39', '2024-02-15 19:33:39'),
(167, 'Zemlak PLC', '91510 Harvey Cliff Suite 363\nSouth Dorcas, OK 37318', '2024-02-15 19:33:39', '2024-02-15 19:33:39'),
(168, 'Treutel, Cremin and Dicki', '7410 Santino Trail\nColeborough, AZ 55256', '2024-02-15 19:33:39', '2024-02-15 19:33:39'),
(169, 'Howe, Koss and Hauck', '83343 Howe Circles\nSchaeferstad, WA 74587', '2024-02-15 19:33:39', '2024-02-15 19:33:39'),
(170, 'Herman, Abbott and Trantow', '824 Lance Common Apt. 154\nNew Eleanorashire, NV 69484-4145', '2024-02-15 19:33:39', '2024-02-15 19:33:39'),
(171, 'King-Quitzon', '36461 Marjory Corner\nAlbaville, OK 51639-8730', '2024-02-15 19:33:39', '2024-02-15 19:33:39'),
(172, 'Larkin and Sons', '3279 Skiles Well\nKlockoton, CO 91658-3896', '2024-02-15 19:33:39', '2024-02-15 19:33:39'),
(173, 'Schmeler-Daniel', '757 Reichert Dam\nPort Gudrunside, FL 89394', '2024-02-15 19:33:39', '2024-02-15 19:33:39'),
(174, 'Quigley Ltd', '52424 Verdie Ridges Suite 679\nMrazfort, TN 06724-7254', '2024-02-15 19:33:39', '2024-02-15 19:33:39'),
(175, 'Zboncak, Batz and Lowe', '202 Schaden Stravenue\nEast Alek, CA 70295', '2024-02-15 19:33:39', '2024-02-15 19:33:39'),
(176, 'Kilback-Mueller', '59135 Anderson Throughway Apt. 060\nEast Ulises, MN 15595', '2024-02-15 19:33:39', '2024-02-15 19:33:39'),
(177, 'Marvin, Schaefer and Boyle', '7465 Fern Isle Suite 144\nNorth Nona, OH 62741-2206', '2024-02-15 19:33:39', '2024-02-15 19:33:39'),
(178, 'Roberts-Koss', '70353 Fadel Brooks\nEstellbury, TN 66752', '2024-02-15 19:33:39', '2024-02-15 19:33:39'),
(179, 'Legros Group', '614 Luettgen Club\nNew Kelvin, CA 91540-3442', '2024-02-15 19:33:39', '2024-02-15 19:33:39'),
(180, 'Bednar-Halvorson', '8118 Durgan Bypass Suite 532\nLake Arnulfoberg, WV 00220', '2024-02-15 19:33:39', '2024-02-15 19:33:39'),
(181, 'Friesen and Sons', '24808 Jaskolski Stream Apt. 593\nLetaport, DE 20096', '2024-02-15 19:33:39', '2024-02-15 19:33:39'),
(182, 'O\'Connell and Sons', '782 Ova Walks\nPort Montana, SC 92983', '2024-02-15 19:33:40', '2024-02-15 19:33:40'),
(183, 'Reichel-Kuhic', '19076 Vladimir Avenue\nWelchview, CO 18821', '2024-02-15 19:33:40', '2024-02-15 19:33:40'),
(184, 'Ziemann-Smith', '751 Maribel Landing Apt. 009\nEast Nanniehaven, IN 15697', '2024-02-15 19:33:40', '2024-02-15 19:33:40'),
(185, 'Wolf LLC', '750 Weber Spurs\nNew Oletaburgh, OH 30658-4321', '2024-02-15 19:33:40', '2024-02-15 19:33:40'),
(186, 'D\'Amore, Gleichner and Wiza', '4338 Smith Isle Apt. 040\nEast Dejuantown, RI 72217-6653', '2024-02-15 19:33:40', '2024-02-15 19:33:40'),
(187, 'Homenick-Paucek', '979 Clemmie Harbors Apt. 491\nNew Garrettport, KY 23275', '2024-02-15 19:33:40', '2024-02-15 19:33:40'),
(188, 'Mills-Quigley', '57711 Purdy Land Suite 812\nWest Dorafort, NH 32795', '2024-02-15 19:33:40', '2024-02-15 19:33:40'),
(189, 'Jakubowski PLC', '307 Morissette Parks Apt. 478\nBeierchester, PA 56624-5607', '2024-02-15 19:33:40', '2024-02-15 19:33:40'),
(190, 'Mueller Inc', '7996 Adams Causeway\nPort Imani, KY 95620-3885', '2024-02-15 19:33:40', '2024-02-15 19:33:40'),
(191, 'Jacobs Ltd', '197 Kieran Corner\nO\'Keefeshire, DC 13288', '2024-02-15 19:33:40', '2024-02-15 19:33:40'),
(192, 'Jones, Breitenberg and Jakubowski', '377 Collier Bridge\nNorth Helenshire, TX 05998-0855', '2024-02-15 19:33:40', '2024-02-15 19:33:40'),
(193, 'Fadel-Cronin', '602 Madisyn Shoals Apt. 578\nAlfordview, WY 51895-4724', '2024-02-15 19:33:40', '2024-02-15 19:33:40'),
(194, 'Schuppe Ltd', '668 Lowe Locks\nFisherborough, TX 05779-5003', '2024-02-15 19:33:40', '2024-02-15 19:33:40'),
(195, 'Grimes, Franecki and Murphy', '328 Windler Tunnel Apt. 457\nNorth Woodrowstad, AK 35666-9858', '2024-02-15 19:33:40', '2024-02-15 19:33:40'),
(196, 'Ritchie-Purdy', '41051 Lizzie Squares Apt. 903\nFisherport, SD 56625', '2024-02-15 19:33:40', '2024-02-15 19:33:40'),
(197, 'Treutel LLC', '64925 Bechtelar Springs Suite 038\nNew Turner, WI 44231', '2024-02-15 19:33:40', '2024-02-15 19:33:40'),
(198, 'Wunsch and Sons', '9780 Justyn Port Suite 760\nSouth Cleo, ND 58208-9042', '2024-02-15 19:33:40', '2024-02-15 19:33:40'),
(199, 'Koch Inc', '830 Kessler Freeway\nSouth Chasityborough, AL 06212', '2024-02-15 19:33:40', '2024-02-15 19:33:40'),
(200, 'Ondricka-Runolfsson', '888 Mercedes Road Suite 101\nMathildeview, CT 13835-5590', '2024-02-15 19:33:40', '2024-02-15 19:33:40'),
(201, 'Haley LLC', '921 Golda Locks\nNorth Veronashire, ID 45413', '2024-02-15 19:33:40', '2024-02-15 19:33:40'),
(202, 'Klocko-Durgan', '5659 Schowalter Row Suite 155\nMuellermouth, CA 74557', '2024-02-15 19:33:40', '2024-02-15 19:33:40'),
(203, 'Walker, Dooley and Baumbach', '2416 Dooley Springs Suite 237\nSophiaport, ME 29570', '2024-02-15 19:33:40', '2024-02-15 19:33:40'),
(204, 'Wisozk PLC', '459 Grant Mills Suite 887\nNitzschehaven, AK 81460', '2024-02-15 19:33:40', '2024-02-15 19:33:40'),
(205, 'Boyer-Gerlach', '119 Stokes Streets\nNew Albertoshire, VA 12660', '2024-02-15 19:33:40', '2024-02-15 19:33:40'),
(206, 'VonRueden Group', '99430 Raleigh Flats\nWest Ashashire, CT 72575-9010', '2024-02-15 19:33:40', '2024-02-15 19:33:40'),
(207, 'Barton LLC', '53428 Terrence Lane Apt. 320\nVolkmanport, ID 53064', '2024-02-15 19:33:40', '2024-02-15 19:33:40'),
(208, 'Stehr-Baumbach', '82723 Brayan Hill\nPort Myronbury, TX 32281-1460', '2024-02-15 19:33:40', '2024-02-15 19:33:40'),
(209, 'Strosin Group', '36712 Wiegand Plain\nRolfsontown, NC 41533', '2024-02-15 19:33:40', '2024-02-15 19:33:40'),
(210, 'Legros-Herman', '8904 Emiliano Inlet\nEast Lemuelville, MO 28115', '2024-02-15 19:33:40', '2024-02-15 19:33:40'),
(211, 'Metz PLC', '2607 Kuvalis Inlet\nEast Carmela, CO 08757-3571', '2024-02-15 19:33:40', '2024-02-15 19:33:40'),
(212, 'Bosco-Wolf', '8046 Harber Circle\nPort Julianaside, VT 43687', '2024-02-15 19:33:40', '2024-02-15 19:33:40'),
(213, 'Schuppe-Veum', '3811 Jayden Forge Suite 250\nFeeststad, CO 54271', '2024-02-15 19:33:40', '2024-02-15 19:33:40'),
(214, 'Ebert, Kozey and Balistreri', '70677 Klein Squares Apt. 753\nSouth Vicky, ID 96636-9512', '2024-02-15 19:33:40', '2024-02-15 19:33:40'),
(215, 'Marvin-Kuphal', '5935 Swift Orchard Suite 209\nEichmannside, NH 78726-2350', '2024-02-15 19:33:40', '2024-02-15 19:33:40'),
(216, 'Schulist-Schroeder', '7307 Ardith Springs Suite 757\nPfannerstillshire, MO 96111', '2024-02-15 19:33:40', '2024-02-15 19:33:40'),
(217, 'Russel-Streich', '841 Danyka Hollow Suite 926\nToymouth, MN 05734', '2024-02-15 19:33:40', '2024-02-15 19:33:40'),
(218, 'Treutel Group', '55217 Dickens Knolls Apt. 377\nNorth Baileeview, WY 65504-6355', '2024-02-15 19:33:40', '2024-02-15 19:33:40'),
(219, 'Mohr, Cartwright and Nader', '56691 Levi Mountain Apt. 185\nMayaborough, MD 12384-2884', '2024-02-15 19:33:40', '2024-02-15 19:33:40'),
(220, 'Stark, O\'Reilly and Rogahn', '34795 Victoria Landing Suite 983\nGreenmouth, DC 72238-2852', '2024-02-15 19:33:40', '2024-02-15 19:33:40'),
(221, 'Braun Group', '49565 Douglas Walks\nCasimerside, AL 89495-1313', '2024-02-15 19:33:40', '2024-02-15 19:33:40'),
(222, 'Balistreri-Kautzer', '8256 Murazik Stravenue\nBraunview, TN 64289-0657', '2024-02-15 19:33:40', '2024-02-15 19:33:40'),
(223, 'Moen, Kris and Howell', '512 Kihn Terrace\nBaumbachstad, KS 71667', '2024-02-15 19:33:40', '2024-02-15 19:33:40'),
(224, 'Bernier LLC', '3149 Maurice Plaza Apt. 631\nChristianberg, KS 99503', '2024-02-15 19:33:40', '2024-02-15 19:33:40'),
(225, 'Bradtke, Waters and Dare', '35010 Madie Divide Suite 590\nWest Elisabeth, SC 81050', '2024-02-15 19:33:40', '2024-02-15 19:33:40'),
(226, 'Schiller-Bins', '619 Nina Stravenue\nLake Carolineport, OH 68908', '2024-02-15 19:33:40', '2024-02-15 19:33:40'),
(227, 'Treutel LLC', '109 Greenholt Lodge Apt. 532\nEast Armandochester, WY 15411', '2024-02-15 19:33:40', '2024-02-15 19:33:40'),
(228, 'Koch, Emmerich and Lemke', '360 Gibson Plains\nMacejkovicside, MN 08374-5995', '2024-02-15 19:33:40', '2024-02-15 19:33:40'),
(229, 'Greenfelder-Smitham', '8807 Ankunding Trail Apt. 722\nNathanaelside, NH 68656', '2024-02-15 19:33:40', '2024-02-15 19:33:40'),
(230, 'Terry and Sons', '86738 Cassandre Trail Apt. 266\nHerzogmouth, MT 47559', '2024-02-15 19:33:40', '2024-02-15 19:33:40'),
(231, 'Waelchi, Howell and Stehr', '8998 Schamberger Center\nLake Elinorview, NY 83905', '2024-02-15 19:33:40', '2024-02-15 19:33:40'),
(232, 'Wyman-Jast', '607 Harber Drive Apt. 360\nKeyonborough, CO 55312-4284', '2024-02-15 19:33:40', '2024-02-15 19:33:40'),
(233, 'Fritsch, Schaefer and Champlin', '590 Wilton Plains Apt. 176\nPort Deja, MN 53106', '2024-02-15 19:33:40', '2024-02-15 19:33:40'),
(234, 'Hyatt, Crona and Donnelly', '526 Vince Valley Suite 408\nEast Opal, WA 99850-5738', '2024-02-15 19:33:40', '2024-02-15 19:33:40'),
(235, 'Veum-Cassin', '806 Kessler Crossing\nWest Francisco, SD 71067-9571', '2024-02-15 19:33:40', '2024-02-15 19:33:40'),
(236, 'Sanford, Toy and Predovic', '977 Kaci Vista\nWest Antone, AR 44296', '2024-02-15 19:33:40', '2024-02-15 19:33:40'),
(237, 'Ortiz, Macejkovic and Batz', '1172 Timmothy Walks\nDorthatown, AR 70277-7497', '2024-02-15 19:33:40', '2024-02-15 19:33:40'),
(238, 'Heidenreich-Kilback', '779 Mario Squares\nArmanihaven, SD 97057-4403', '2024-02-15 19:33:40', '2024-02-15 19:33:40'),
(239, 'Gorczany-Shields', '8973 Therese Club\nWest Winona, DE 40176', '2024-02-15 19:33:40', '2024-02-15 19:33:40'),
(240, 'Bartoletti, Mayert and Mosciski', '342 Tanya Cliffs Suite 723\nDemetriusview, NV 25256-0853', '2024-02-15 19:33:40', '2024-02-15 19:33:40'),
(241, 'Hane and Sons', '63954 Kallie Walk Suite 194\nNew Maxineview, NJ 63871-5209', '2024-02-15 19:33:40', '2024-02-15 19:33:40'),
(242, 'Kunze, Kunze and Bernhard', '14863 Kole Square\nEast Katarinaville, WA 44826', '2024-02-15 19:33:40', '2024-02-15 19:33:40'),
(243, 'Feil Inc', '877 Satterfield Corner\nCaspertown, WY 44360', '2024-02-15 19:33:40', '2024-02-15 19:33:40'),
(244, 'Haag-Treutel', '48990 Merlin Canyon Apt. 672\nNorth Delphine, NM 11460', '2024-02-15 19:33:40', '2024-02-15 19:33:40'),
(245, 'Schinner LLC', '620 Ashlynn Point Apt. 181\nWest Thalia, VT 68449-1554', '2024-02-15 19:33:40', '2024-02-15 19:33:40'),
(246, 'Stokes, Borer and Durgan', '8028 Janie Dam Suite 592\nAlvertafurt, MA 96099', '2024-02-15 19:33:40', '2024-02-15 19:33:40'),
(247, 'Walter LLC', '94860 Edgar Springs Suite 796\nStuartshire, OK 56153', '2024-02-15 19:33:40', '2024-02-15 19:33:40'),
(248, 'Reilly, Walker and Kuvalis', '1725 Bernier Mountain Suite 098\nJenniferland, NC 51382-6247', '2024-02-15 19:33:40', '2024-02-15 19:33:40'),
(249, 'O\'Reilly LLC', '673 Imelda Rapids Suite 836\nSouth Leif, AL 19359-0288', '2024-02-15 19:33:40', '2024-02-15 19:33:40'),
(250, 'Harris-Hermann', '9618 Shaniya Islands\nGutkowskistad, VA 96190', '2024-02-15 19:33:40', '2024-02-15 19:33:40'),
(251, 'Ledner-Goldner', '67822 Stiedemann Crossing\nVandervortside, MD 23334', '2024-02-15 19:33:40', '2024-02-15 19:33:40'),
(252, 'Treutel, Thompson and Keeling', '963 Nico Street Suite 391\nLeuschkeborough, IA 03290', '2024-02-15 19:33:40', '2024-02-15 19:33:40'),
(253, 'Labadie-Pfeffer', '697 Gottlieb Throughway\nWest Watson, VT 81843-4299', '2024-02-15 19:33:40', '2024-02-15 19:33:40'),
(254, 'Lueilwitz and Sons', '7385 Nader Light\nKassulketon, CA 57124-4100', '2024-02-15 19:33:40', '2024-02-15 19:33:40'),
(255, 'Bruen-Borer', '447 Caterina Land Apt. 971\nMayraborough, OR 88882', '2024-02-15 19:33:40', '2024-02-15 19:33:40'),
(256, 'Smith-Lang', '4680 Haley Drive\nCoraliefort, SD 41160', '2024-02-15 19:33:40', '2024-02-15 19:33:40'),
(257, 'Johnson-Baumbach', '4812 Gislason Mount Suite 433\nSimeonport, KS 76657', '2024-02-15 19:33:40', '2024-02-15 19:33:40'),
(258, 'Koepp-O\'Kon', '914 Roma Fall Apt. 142\nLake Destiney, KS 83052-9444', '2024-02-15 19:33:40', '2024-02-15 19:33:40'),
(259, 'Schumm PLC', '985 McDermott Lake\nLake Darrin, OK 55652-3993', '2024-02-15 19:33:40', '2024-02-15 19:33:40'),
(260, 'Yost-Fay', '8211 Duane Fall\nEast Davinmouth, AZ 78966', '2024-02-15 19:33:40', '2024-02-15 19:33:40'),
(261, 'Lueilwitz and Sons', '25566 Ole Mountains Apt. 375\nElzafort, SC 47423-0475', '2024-02-15 19:33:40', '2024-02-15 19:33:40'),
(262, 'Larkin-Hamill', '741 Fritsch Overpass\nTurnerburgh, MO 59813-6069', '2024-02-15 19:33:40', '2024-02-15 19:33:40'),
(263, 'Kuhlman-Flatley', '92403 Karl Rapid Suite 395\nChamplinberg, SD 24561', '2024-02-15 19:33:40', '2024-02-15 19:33:40'),
(264, 'Mraz LLC', '4072 Wiley Canyon\nPort Jose, MD 27762-1108', '2024-02-15 19:33:40', '2024-02-15 19:33:40'),
(265, 'Conn-Walter', '60003 Dina Corners\nPort Maryshire, MI 45064', '2024-02-15 19:33:40', '2024-02-15 19:33:40'),
(266, 'Hackett-Rempel', '302 Pacocha Road\nMadgemouth, NV 72118', '2024-02-15 19:33:40', '2024-02-15 19:33:40'),
(267, 'Bogan-Volkman', '52346 D\'Amore Skyway\nNew Cheyenneview, AK 10079', '2024-02-15 19:33:40', '2024-02-15 19:33:40'),
(268, 'Baumbach, Breitenberg and Morissette', '5291 Braxton Mews Apt. 521\nEast Karine, ID 15663-9475', '2024-02-15 19:33:40', '2024-02-15 19:33:40'),
(269, 'Oberbrunner, Quitzon and Ernser', '2947 Dach Shoal Apt. 426\nElvieview, NE 64556', '2024-02-15 19:33:40', '2024-02-15 19:33:40'),
(270, 'Dooley-Ziemann', '6755 Sawayn Land Suite 018\nRippinbury, NM 90324', '2024-02-15 19:33:40', '2024-02-15 19:33:40'),
(271, 'Ortiz, Schmidt and Abshire', '3573 Lehner Course\nWest Codyberg, NV 59888', '2024-02-15 19:33:40', '2024-02-15 19:33:40'),
(272, 'Koepp, Auer and Witting', '576 West Fall Suite 846\nLessieport, NH 11990', '2024-02-15 19:33:40', '2024-02-15 19:33:40'),
(273, 'Klocko LLC', '6957 Deckow Plains Suite 054\nNorth Mayaberg, ND 19915', '2024-02-15 19:33:40', '2024-02-15 19:33:40'),
(274, 'Lang-Bergstrom', '3806 Edwin Station\nLemkeview, ME 33436', '2024-02-15 19:33:40', '2024-02-15 19:33:40'),
(275, 'Wisoky, Stanton and Predovic', '42400 Houston Way\nTremblayhaven, MS 10295-4962', '2024-02-15 19:33:40', '2024-02-15 19:33:40'),
(276, 'Kautzer, Johnston and Harvey', '83795 Lottie Harbors Suite 990\nAnibalfurt, DC 22061-7808', '2024-02-15 19:33:40', '2024-02-15 19:33:40'),
(277, 'Mitchell PLC', '5687 Beatrice Camp Suite 419\nWest Pattie, NY 46936', '2024-02-15 19:33:40', '2024-02-15 19:33:40'),
(278, 'Stark-Mayert', '915 Lowe Ramp\nNorth Letha, SC 96745-0459', '2024-02-15 19:33:40', '2024-02-15 19:33:40'),
(279, 'Daniel Group', '99929 Pacocha Turnpike\nNew Zariaville, SD 27854', '2024-02-15 19:33:40', '2024-02-15 19:33:40'),
(280, 'Rutherford, Steuber and Lindgren', '130 Blake Valleys\nNew Olafberg, NE 43948', '2024-02-15 19:33:40', '2024-02-15 19:33:40'),
(281, 'Schulist PLC', '9502 Casandra Throughway Apt. 857\nSouth Alvis, KY 87417-6549', '2024-02-15 19:33:40', '2024-02-15 19:33:40'),
(282, 'Rau LLC', '604 Franecki Manors Suite 051\nNew Elisaborough, MI 01573', '2024-02-15 19:33:40', '2024-02-15 19:33:40'),
(283, 'Sawayn Group', '179 Nedra Crest Suite 970\nLake Hilmaport, KY 77238', '2024-02-15 19:33:40', '2024-02-15 19:33:40'),
(284, 'Fisher Group', '795 Conner Plains\nCarmellatown, KY 66051-5872', '2024-02-15 19:33:40', '2024-02-15 19:33:40'),
(285, 'DuBuque LLC', '12263 Lebsack Gardens Suite 069\nSouth Cruzfurt, SD 35036-4174', '2024-02-15 19:33:40', '2024-02-15 19:33:40'),
(286, 'Rath, Kunde and Gibson', '56237 Wehner Views Apt. 312\nEast Enabury, WV 69877', '2024-02-15 19:33:40', '2024-02-15 19:33:40'),
(287, 'Cormier, Stamm and Wilderman', '9022 Roman Parkway Suite 202\nHendersonport, WY 95992-9606', '2024-02-15 19:33:40', '2024-02-15 19:33:40'),
(288, 'Leffler Inc', '38161 Stokes Glen\nClaireville, ID 93350', '2024-02-15 19:33:40', '2024-02-15 19:33:40'),
(289, 'Padberg-Fay', '67446 Savanah Stream Suite 623\nNew Terencebury, HI 92045', '2024-02-15 19:33:40', '2024-02-15 19:33:40'),
(290, 'Toy and Sons', '2955 April Turnpike\nPercychester, UT 12906', '2024-02-15 19:33:40', '2024-02-15 19:33:40'),
(291, 'Towne-Jakubowski', '2935 Gaylord Forge\nRosalynfurt, NH 58899', '2024-02-15 19:33:40', '2024-02-15 19:33:40'),
(292, 'Cormier, Rogahn and Frami', '616 Konopelski Turnpike\nCarolinachester, AZ 94681-6817', '2024-02-15 19:33:40', '2024-02-15 19:33:40'),
(293, 'O\'Keefe, Senger and Langworth', '7392 Lacey Mews\nJasperton, DC 34288', '2024-02-15 19:33:40', '2024-02-15 19:33:40'),
(294, 'Reichert, Labadie and Bruen', '173 Hodkiewicz Street Suite 349\nNorth Lacy, FL 87740', '2024-02-15 19:33:40', '2024-02-15 19:33:40'),
(295, 'Heaney PLC', '24168 Verda Ways\nNew Whitneyberg, FL 50227-2408', '2024-02-15 19:33:40', '2024-02-15 19:33:40'),
(296, 'Kirlin-Reynolds', '2210 Hoppe Squares Apt. 563\nKasandrabury, VA 16550', '2024-02-15 19:33:40', '2024-02-15 19:33:40'),
(297, 'Koelpin, Gottlieb and Willms', '188 Zulauf Rest\nReneborough, AZ 69038-5387', '2024-02-15 19:33:40', '2024-02-15 19:33:40'),
(298, 'Jacobson, VonRueden and Homenick', '93067 Vito Run\nLeuschkeshire, ME 03819', '2024-02-15 19:33:40', '2024-02-15 19:33:40'),
(299, 'Sauer-Johns', '89926 Ona Turnpike Apt. 062\nPort Candace, WI 06750-9042', '2024-02-15 19:33:40', '2024-02-15 19:33:40'),
(300, 'Balistreri, Mosciski and Blanda', '27997 Freida Parks\nLake Marcelo, WY 76512', '2024-02-15 19:33:40', '2024-02-15 19:33:40'),
(301, 'Oberbrunner, D\'Amore and Blick', '406 Gorczany Passage Suite 408\nPort Rebecca, SC 72415-4389', '2024-02-15 19:33:40', '2024-02-15 19:33:40'),
(302, 'Bednar, Harber and Hegmann', '886 Lindsay Shoals Suite 018\nJailynbury, NV 89418-0858', '2024-02-15 19:33:40', '2024-02-15 19:33:40'),
(303, 'Eichmann Ltd', '5663 Bruen Village Suite 431\nLake Patienceberg, KY 99741', '2024-02-15 19:33:40', '2024-02-15 19:33:40'),
(304, 'Rogahn-Ledner', '713 Zulauf Trafficway\nJedidiahshire, NC 75103-7611', '2024-02-15 19:33:40', '2024-02-15 19:33:40'),
(305, 'Wilderman Ltd', '62272 Kathleen Port\nMadonnafurt, MS 63666', '2024-02-15 19:33:40', '2024-02-15 19:33:40'),
(306, 'Schmeler-Reilly', '182 Jake Turnpike Suite 369\nNikitaton, TX 09571', '2024-02-15 19:33:40', '2024-02-15 19:33:40'),
(307, 'Braun-Koch', '644 Hansen Passage\nNorth Cletus, IN 30848', '2024-02-15 19:33:40', '2024-02-15 19:33:40'),
(308, 'DuBuque Inc', '722 Kiarra Forest Apt. 062\nWeimanntown, OK 58167', '2024-02-15 19:33:40', '2024-02-15 19:33:40'),
(309, 'Simonis-Sauer', '42042 Hodkiewicz Square Suite 472\nLake Laurinemouth, UT 64105', '2024-02-15 19:33:40', '2024-02-15 19:33:40'),
(310, 'Swift-Collier', '115 Moen Turnpike\nWest Alexis, OK 39477', '2024-02-15 19:33:40', '2024-02-15 19:33:40'),
(311, 'Will-Mayer', '721 Ressie Walk\nNewellburgh, CT 13933', '2024-02-15 19:33:40', '2024-02-15 19:33:40'),
(312, 'Graham-Kreiger', '657 Sporer Passage Suite 842\nEast Madisyn, WY 02838', '2024-02-15 19:33:40', '2024-02-15 19:33:40'),
(313, 'Spencer-Reichel', '1559 Branson Unions\nPort Colten, FL 02360', '2024-02-15 19:33:40', '2024-02-15 19:33:40'),
(314, 'Wehner-Bartell', '869 Cara Cliff Suite 204\nWest Kareem, CO 15513', '2024-02-15 19:33:40', '2024-02-15 19:33:40'),
(315, 'Swaniawski, Wunsch and Streich', '6709 Ebony Rapid Suite 528\nGwendolynland, ME 41204-4740', '2024-02-15 19:33:40', '2024-02-15 19:33:40'),
(316, 'Mante-Stanton', '47316 Velva Mountain Apt. 738\nLakinshire, VT 52285-1217', '2024-02-15 19:33:40', '2024-02-15 19:33:40'),
(317, 'Block-Sawayn', '67277 Virgie Well\nKuhlmanhaven, WV 85670-0453', '2024-02-15 19:33:40', '2024-02-15 19:33:40'),
(318, 'Langworth, Kreiger and Kozey', '916 Verdie Mount\nNew Carlos, MA 64345', '2024-02-15 19:33:40', '2024-02-15 19:33:40'),
(319, 'Roberts-Streich', '619 Jaydon Islands Apt. 725\nJaskolskiside, TX 08379', '2024-02-15 19:33:40', '2024-02-15 19:33:40'),
(320, 'Johnston Group', '7389 Moore Common Suite 434\nEast Laurie, UT 55935-1980', '2024-02-15 19:33:40', '2024-02-15 19:33:40'),
(321, 'Donnelly-Krajcik', '8666 Ashton Turnpike\nUlisesborough, NV 83820-7510', '2024-02-15 19:33:40', '2024-02-15 19:33:40'),
(322, 'Bashirian Group', '8143 Abbey Wells\nLake Jade, OH 35574-3047', '2024-02-15 19:33:40', '2024-02-15 19:33:40'),
(323, 'Becker-Swaniawski', '67149 Auer Manors Suite 328\nEast Mortimerborough, NJ 27065', '2024-02-15 19:33:40', '2024-02-15 19:33:40'),
(324, 'Schuppe-Cartwright', '50552 Chelsey Ramp Suite 652\nPort Cleorashire, WI 57721', '2024-02-15 19:33:40', '2024-02-15 19:33:40'),
(325, 'Kemmer, Swaniawski and Mayert', '64969 Alicia Plain Apt. 202\nPort Bernardoton, VT 45196-2044', '2024-02-15 19:33:40', '2024-02-15 19:33:40'),
(326, 'Walsh Ltd', '621 Josh Prairie\nEast Rigobertoborough, MS 36545-0687', '2024-02-15 19:33:40', '2024-02-15 19:33:40'),
(327, 'Block-Barton', '261 Charlie Roads Suite 055\nEfrainfurt, SC 71882-6405', '2024-02-15 19:33:40', '2024-02-15 19:33:40'),
(328, 'Walter, Bins and Ebert', '2978 Christop Stream\nAndrewfurt, NC 94185', '2024-02-15 19:33:40', '2024-02-15 19:33:40'),
(329, 'Rodriguez-Jacobs', '64819 Leffler Drive Apt. 696\nNorth Janniestad, IL 64072', '2024-02-15 19:33:40', '2024-02-15 19:33:40'),
(330, 'Bahringer Ltd', '43241 Schmidt Meadows\nWest Neoma, HI 93826', '2024-02-15 19:33:40', '2024-02-15 19:33:40'),
(331, 'Howe-Homenick', '1661 Terry Tunnel\nPort Leopoldoville, WA 85712-5849', '2024-02-15 19:33:40', '2024-02-15 19:33:40'),
(332, 'Bode LLC', '4460 Amelie Manors\nLake Trystan, AK 01950-1550', '2024-02-15 19:33:40', '2024-02-15 19:33:40'),
(333, 'Lind Group', '636 Gertrude Burgs\nNew Myrtie, IL 64278', '2024-02-15 19:33:40', '2024-02-15 19:33:40'),
(334, 'Haley and Sons', '627 Kailyn Mission\nMoorechester, NC 22008', '2024-02-15 19:33:40', '2024-02-15 19:33:40'),
(335, 'Romaguera-Erdman', '824 Douglas Dam Apt. 814\nEast Cassandrahaven, KY 53226-0693', '2024-02-15 19:33:40', '2024-02-15 19:33:40'),
(336, 'Wintheiser-Rempel', '60131 Cassin Trafficway\nNorth Antoniahaven, VT 51239', '2024-02-15 19:33:40', '2024-02-15 19:33:40'),
(337, 'Hoppe-Turner', '76490 Annalise Village Suite 953\nNorth Rosalindamouth, VT 44590-3309', '2024-02-15 19:33:40', '2024-02-15 19:33:40'),
(338, 'Wolf Ltd', '767 Gusikowski Mill\nHalvorsonfort, MT 10854-6644', '2024-02-15 19:33:40', '2024-02-15 19:33:40'),
(339, 'Dicki Group', '5909 Rath Alley Apt. 280\nEast Rickey, AL 91380-9948', '2024-02-15 19:33:40', '2024-02-15 19:33:40'),
(340, 'Ritchie, Zemlak and Bosco', '81403 McCullough Court Suite 095\nSabinaside, IN 97121', '2024-02-15 19:33:40', '2024-02-15 19:33:40'),
(341, 'Grimes, Ratke and Labadie', '6914 Lesch Circle\nTerryfurt, HI 22086-9298', '2024-02-15 19:33:40', '2024-02-15 19:33:40'),
(342, 'Doyle, Rempel and Steuber', '661 Emmanuelle Overpass Suite 526\nGloverburgh, NH 02379', '2024-02-15 19:33:40', '2024-02-15 19:33:40'),
(343, 'Denesik, Gottlieb and Skiles', '64375 Kirlin Estate Suite 735\nNew Ethan, PA 85922-3726', '2024-02-15 19:33:40', '2024-02-15 19:33:40'),
(344, 'Wehner, Gibson and Bashirian', '55803 Kuvalis Vista Suite 187\nSouth Lavernmouth, MA 50939-0118', '2024-02-15 19:33:40', '2024-02-15 19:33:40'),
(345, 'Kozey Inc', '1570 Block Spring\nSheldonburgh, CO 05092-1757', '2024-02-15 19:33:40', '2024-02-15 19:33:40'),
(346, 'Beer, Kshlerin and Gaylord', '250 Greenholt Courts Apt. 293\nKlockoburgh, DE 22353', '2024-02-15 19:33:40', '2024-02-15 19:33:40'),
(347, 'Schmeler Ltd', '18277 Langosh Causeway Suite 279\nPeytonburgh, AR 24137', '2024-02-15 19:33:40', '2024-02-15 19:33:40'),
(348, 'Green PLC', '689 Pagac Rue Suite 988\nKoeppside, HI 47607', '2024-02-15 19:33:40', '2024-02-15 19:33:40'),
(349, 'Mosciski LLC', '588 Stoltenberg Inlet\nLake Kasandra, MI 45156', '2024-02-15 19:33:40', '2024-02-15 19:33:40'),
(350, 'Bogan, Witting and Davis', '3377 Schowalter Light Suite 815\nNew Golda, CO 27005-7129', '2024-02-15 19:33:40', '2024-02-15 19:33:40'),
(351, 'Douglas, Grady and Hackett', '1660 Jolie Lodge Suite 234\nBeiermouth, UT 18642-3241', '2024-02-15 19:33:40', '2024-02-15 19:33:40'),
(352, 'D\'Amore, Bechtelar and Frami', '5429 Priscilla Ferry Apt. 517\nNorth Rebeka, KS 99735', '2024-02-15 19:33:40', '2024-02-15 19:33:40'),
(353, 'Rempel LLC', '4302 Fritsch Glens Suite 461\nNorth Noemiburgh, NM 14820', '2024-02-15 19:33:40', '2024-02-15 19:33:40'),
(354, 'Pagac-DuBuque', '1606 Renee Valleys Apt. 224\nGerlachton, KS 73903', '2024-02-15 19:33:40', '2024-02-15 19:33:40'),
(355, 'Welch, Steuber and Collier', '729 Lind Trace\nLake Freida, AK 39772-3086', '2024-02-15 19:33:40', '2024-02-15 19:33:40'),
(356, 'Carter, Weissnat and Grant', '6332 Otilia Lights Apt. 484\nClarabelletown, CT 47626-7346', '2024-02-15 19:33:40', '2024-02-15 19:33:40'),
(357, 'Kirlin-Gleichner', '675 Brionna Village\nEast Quinn, FL 27947', '2024-02-15 19:33:40', '2024-02-15 19:33:40'),
(358, 'Schaden, Jenkins and Effertz', '155 Wiza Squares\nReannamouth, MA 89074-0319', '2024-02-15 19:33:40', '2024-02-15 19:33:40'),
(359, 'Hessel and Sons', '6834 Leffler Lights\nWest Jadyn, OR 22665', '2024-02-15 19:33:40', '2024-02-15 19:33:40'),
(360, 'Christiansen-Waelchi', '6974 Shanahan Throughway\nRaheemchester, SC 68602-3554', '2024-02-15 19:33:40', '2024-02-15 19:33:40'),
(361, 'Paucek-Kautzer', '6993 O\'Conner Drive Suite 793\nEast Guido, CA 47945-3084', '2024-02-15 19:33:40', '2024-02-15 19:33:40'),
(362, 'Denesik-Kiehn', '553 Tommie Branch\nOtiliamouth, UT 79355', '2024-02-15 19:33:40', '2024-02-15 19:33:40'),
(363, 'Cassin Inc', '6215 Cartwright Well Apt. 102\nHerzogborough, IA 80666-1404', '2024-02-15 19:33:40', '2024-02-15 19:33:40'),
(364, 'Quitzon and Sons', '83482 Johnny Garden\nTreborough, CT 11397-9827', '2024-02-15 19:33:40', '2024-02-15 19:33:40'),
(365, 'Lemke PLC', '7155 Kris Unions\nLake Nyahland, CA 34399-1294', '2024-02-15 19:33:40', '2024-02-15 19:33:40'),
(366, 'Armstrong, Corkery and Schultz', '362 Hirthe Dale\nDaughertyshire, MT 32770', '2024-02-15 19:33:40', '2024-02-15 19:33:40'),
(367, 'Braun, Botsford and Effertz', '22725 Schuster Mission Apt. 592\nSouth Daija, IN 90897-5962', '2024-02-15 19:33:40', '2024-02-15 19:33:40'),
(368, 'Ledner Group', '5941 Kovacek Ferry Suite 911\nRoweberg, OH 87476', '2024-02-15 19:33:40', '2024-02-15 19:33:40'),
(369, 'Morar, Purdy and Bashirian', '2007 Jonathon Dale\nReichertmouth, NY 42766', '2024-02-15 19:33:40', '2024-02-15 19:33:40'),
(370, 'Renner, Wolff and Witting', '73778 Randi Square\nMetzfort, KS 70433', '2024-02-15 19:33:40', '2024-02-15 19:33:40'),
(371, 'Schowalter-Rice', '4000 Lowe Mill Apt. 143\nNew Cecilland, SD 69506', '2024-02-15 19:33:40', '2024-02-15 19:33:40'),
(372, 'Weimann, O\'Kon and Nikolaus', '1784 Larue Vista\nYeseniafort, MA 60028', '2024-02-15 19:33:40', '2024-02-15 19:33:40'),
(373, 'Toy, Schinner and Breitenberg', '1322 Hegmann Well Suite 920\nPort Keeley, CT 03980', '2024-02-15 19:33:40', '2024-02-15 19:33:40'),
(374, 'Abernathy, Parker and Cormier', '89384 Bode Loaf Apt. 747\nLake Tysonland, WA 66419', '2024-02-15 19:33:40', '2024-02-15 19:33:40'),
(375, 'Kemmer-McClure', '552 Flatley Summit Apt. 968\nSouth Mikel, AR 93957-4279', '2024-02-15 19:33:40', '2024-02-15 19:33:40'),
(376, 'Breitenberg Inc', '6737 Simonis Ports\nEast Dusty, WA 51835', '2024-02-15 19:33:40', '2024-02-15 19:33:40'),
(377, 'Crona-Powlowski', '1161 Considine Corners\nSouth Ena, TX 75128', '2024-02-15 19:33:40', '2024-02-15 19:33:40'),
(378, 'Bradtke, Kirlin and Vandervort', '2972 Christiansen Plains Apt. 360\nNew Eleonore, PA 60303', '2024-02-15 19:33:40', '2024-02-15 19:33:40'),
(379, 'McLaughlin-Buckridge', '280 Dorian Estate Suite 642\nSouth Ernesto, NC 94566', '2024-02-15 19:33:40', '2024-02-15 19:33:40'),
(380, 'Gottlieb, Simonis and Cummings', '72294 Murray Common Apt. 434\nCelinemouth, DE 38797', '2024-02-15 19:33:40', '2024-02-15 19:33:40'),
(381, 'Williamson Inc', '878 Stamm Inlet Apt. 290\nO\'Keefeburgh, DC 16786', '2024-02-15 19:33:40', '2024-02-15 19:33:40'),
(382, 'McLaughlin-Hoppe', '672 Terrance Fork\nNatside, IA 29257', '2024-02-15 19:33:40', '2024-02-15 19:33:40'),
(383, 'Denesik, Pfeffer and Barton', '2290 Fay Shore Apt. 796\nNorth Werner, ID 72951', '2024-02-15 19:33:40', '2024-02-15 19:33:40'),
(384, 'Simonis, Zboncak and Collier', '82289 Leslie Vista Suite 785\nDarbymouth, DC 97931-8447', '2024-02-15 19:33:40', '2024-02-15 19:33:40'),
(385, 'Jerde, Schamberger and Rohan', '413 Delmer Terrace\nNorth Keithshire, TX 76062', '2024-02-15 19:33:40', '2024-02-15 19:33:40'),
(386, 'Purdy, Johnston and Goodwin', '724 Klein Harbors\nUllrichmouth, MN 60001-9889', '2024-02-15 19:33:40', '2024-02-15 19:33:40'),
(387, 'Gaylord Inc', '5660 Janessa Brook\nNew Mireyaland, NM 97558-3601', '2024-02-15 19:33:40', '2024-02-15 19:33:40'),
(388, 'Mertz-Connelly', '8069 Leda Gardens Suite 418\nJulianastad, HI 47208', '2024-02-15 19:33:40', '2024-02-15 19:33:40'),
(389, 'Leuschke Group', '940 Kuphal Street Apt. 590\nWest Jackelinetown, MD 78349', '2024-02-15 19:33:40', '2024-02-15 19:33:40'),
(390, 'Harris Ltd', '5275 Kory Viaduct\nMaybelltown, OH 14275-0764', '2024-02-15 19:33:40', '2024-02-15 19:33:40'),
(391, 'Olson LLC', '9519 Jamie Junction Suite 842\nMadieville, TX 32354', '2024-02-15 19:33:40', '2024-02-15 19:33:40'),
(392, 'Reinger-Collins', '19165 Vicenta Expressway\nKattieland, TX 30797-0787', '2024-02-15 19:33:40', '2024-02-15 19:33:40'),
(393, 'Schmidt, Kunze and Towne', '32046 Jacobson Haven\nPort Rodolfoville, NE 89494-0749', '2024-02-15 19:33:40', '2024-02-15 19:33:40'),
(394, 'Aufderhar Inc', '1856 Dietrich Wells\nKubmouth, MN 83549', '2024-02-15 19:33:40', '2024-02-15 19:33:40'),
(395, 'Ruecker-Raynor', '2717 Berge Glen Apt. 257\nCrystelview, SC 66910-7636', '2024-02-15 19:33:40', '2024-02-15 19:33:40'),
(396, 'Ward-Carroll', '6877 Rogahn Crossroad\nWest Mitchelburgh, WY 30323-6595', '2024-02-15 19:33:40', '2024-02-15 19:33:40'),
(397, 'Sporer, Mante and Mertz', '727 Leonardo Walks Apt. 649\nJerelbury, AL 92531', '2024-02-15 19:33:40', '2024-02-15 19:33:40');
INSERT INTO `suppliers` (`id`, `name`, `address`, `created_at`, `updated_at`) VALUES
(398, 'Rippin PLC', '76266 Rau Mall Suite 724\nLake Gladys, KS 20994-7264', '2024-02-15 19:33:40', '2024-02-15 19:33:40'),
(399, 'Wiza, Gusikowski and Bahringer', '77694 Efren Lodge\nKassulkeberg, MN 39176-7597', '2024-02-15 19:33:40', '2024-02-15 19:33:40'),
(400, 'Hermiston-Kuhn', '28004 Watsica Summit Apt. 817\nLake Theresaville, LA 48123-2075', '2024-02-15 19:33:40', '2024-02-15 19:33:40'),
(401, 'Koch PLC', '497 Ivah Meadow Apt. 207\nEast Tiara, CT 89300-2402', '2024-02-15 19:33:40', '2024-02-15 19:33:40'),
(402, 'Satterfield, Bayer and Moen', '24087 Johan Island Apt. 013\nGenebury, GA 97597-5539', '2024-02-15 19:33:40', '2024-02-15 19:33:40'),
(403, 'Mraz, Cole and Lemke', '9528 Thiel Turnpike\nKayceeport, ME 78457', '2024-02-15 19:33:40', '2024-02-15 19:33:40'),
(404, 'Mohr, Jones and Beatty', '50079 Abagail Loop\nNew Savionborough, OK 56289-5332', '2024-02-15 19:33:40', '2024-02-15 19:33:40'),
(405, 'Koss and Sons', '9881 Sebastian Stream\nNorth Chadton, AZ 49992', '2024-02-15 19:33:40', '2024-02-15 19:33:40'),
(406, 'Lesch Ltd', '3032 Kali Ways\nRasheedtown, OK 45998', '2024-02-15 19:33:40', '2024-02-15 19:33:40'),
(407, 'Armstrong Group', '46797 Mitchel Vista Apt. 531\nDevinfort, NE 09008-2485', '2024-02-15 19:33:40', '2024-02-15 19:33:40'),
(408, 'Collins, Gottlieb and Steuber', '3144 Adelle Trafficway Apt. 962\nDarenmouth, AZ 41511', '2024-02-15 19:33:40', '2024-02-15 19:33:40'),
(409, 'Stoltenberg LLC', '461 Jones Glen\nEast Calebside, LA 09907', '2024-02-15 19:33:40', '2024-02-15 19:33:40'),
(410, 'Schulist, Jerde and Mayer', '698 Libby Ridges Apt. 605\nPort Rosalindstad, MN 41066-7563', '2024-02-15 19:33:40', '2024-02-15 19:33:40'),
(411, 'Little-Renner', '4937 Schamberger Lakes Suite 391\nMaxineport, GA 36622', '2024-02-15 19:33:40', '2024-02-15 19:33:40'),
(412, 'Hamill and Sons', '65475 Harris Mountains\nNorth Jon, TN 67648-4627', '2024-02-15 19:33:40', '2024-02-15 19:33:40'),
(413, 'Champlin-Becker', '66104 Jimmy Island\nKorbinbury, UT 49034', '2024-02-15 19:33:40', '2024-02-15 19:33:40'),
(414, 'Hickle Ltd', '6532 Dedric Underpass Suite 954\nO\'Keefeview, GA 78104-4727', '2024-02-15 19:33:40', '2024-02-15 19:33:40'),
(415, 'Davis Ltd', '916 Norma Station\nSouth Mekhimouth, HI 67681', '2024-02-15 19:33:40', '2024-02-15 19:33:40'),
(416, 'Johns, Ward and Deckow', '5285 Jamel Route Apt. 372\nMuellermouth, IA 30076', '2024-02-15 19:33:40', '2024-02-15 19:33:40'),
(417, 'Maggio-Labadie', '764 Everette Ports Suite 963\nBoganview, MO 94791', '2024-02-15 19:33:40', '2024-02-15 19:33:40'),
(418, 'Ullrich, O\'Keefe and Gutkowski', '8182 Lula Mountains\nEast Damienshire, IL 00331', '2024-02-15 19:33:40', '2024-02-15 19:33:40'),
(419, 'Bogisich Group', '95151 Moriah Point Apt. 933\nEast Murl, MO 80439-7178', '2024-02-15 19:33:40', '2024-02-15 19:33:40'),
(420, 'Volkman, Kuphal and Ritchie', '75974 Gottlieb Ways Suite 734\nPort Charley, WI 05133-9393', '2024-02-15 19:33:40', '2024-02-15 19:33:40'),
(421, 'Littel, Pfeffer and Greenfelder', '39108 Marcella Vista\nAdityaport, AZ 54306-6809', '2024-02-15 19:33:40', '2024-02-15 19:33:40'),
(422, 'Emard-Kuvalis', '7673 Saul River\nWest Antonio, MS 95240', '2024-02-15 19:33:40', '2024-02-15 19:33:40'),
(423, 'Torp-Eichmann', '356 Kaci Throughway\nLake Ava, LA 79842-6547', '2024-02-15 19:33:40', '2024-02-15 19:33:40'),
(424, 'Franecki Ltd', '722 Corene Ridges\nLake Keelyberg, AR 72398', '2024-02-15 19:33:40', '2024-02-15 19:33:40'),
(425, 'Schmitt, Tremblay and Morar', '5192 Merl Park Suite 248\nRoyfurt, NJ 32551-8778', '2024-02-15 19:33:40', '2024-02-15 19:33:40'),
(426, 'Ward and Sons', '78563 Stevie Extension Suite 219\nSouth Libbietown, WY 72240', '2024-02-15 19:33:40', '2024-02-15 19:33:40'),
(427, 'Corwin-Sanford', '5242 Jerry Cove Suite 197\nLake Terenceview, MN 58725-4826', '2024-02-15 19:33:40', '2024-02-15 19:33:40'),
(428, 'White, Lind and Kuvalis', '89778 Stanton Greens Apt. 247\nLake Jamaalchester, IA 62197-6771', '2024-02-15 19:33:40', '2024-02-15 19:33:40'),
(429, 'Kozey, Rolfson and Bahringer', '5850 Harris Key\nCordieville, NC 41733', '2024-02-15 19:33:40', '2024-02-15 19:33:40'),
(430, 'Williamson, Ritchie and Rogahn', '11342 Jast Corner Suite 089\nLavonnefurt, SD 89792', '2024-02-15 19:33:40', '2024-02-15 19:33:40'),
(431, 'Weissnat, Gutkowski and Schmeler', '614 Emmanuel Valley Suite 459\nWest Kalebville, MT 10242', '2024-02-15 19:33:40', '2024-02-15 19:33:40'),
(432, 'Ortiz, Johns and Tremblay', '8356 Gutkowski Plain Apt. 110\nNew Bethelmouth, CO 80660', '2024-02-15 19:33:40', '2024-02-15 19:33:40'),
(433, 'Schmidt-Keebler', '600 Deondre Walks Suite 181\nNitzschestad, HI 95013', '2024-02-15 19:33:40', '2024-02-15 19:33:40'),
(434, 'Cormier-Herzog', '653 Runolfsdottir Groves\nSouth Dimitrifurt, LA 03449-6720', '2024-02-15 19:33:40', '2024-02-15 19:33:40'),
(435, 'Hintz-Lockman', '7282 Stehr Haven Apt. 039\nAlfonsoburgh, IL 13938-2318', '2024-02-15 19:33:40', '2024-02-15 19:33:40'),
(436, 'Bailey, Homenick and Gerhold', '84917 German Camp Suite 224\nGranthaven, OK 52114', '2024-02-15 19:33:40', '2024-02-15 19:33:40'),
(437, 'Dicki, Maggio and O\'Conner', '174 Dickinson Island\nCodytown, CA 89020-5432', '2024-02-15 19:33:40', '2024-02-15 19:33:40'),
(438, 'Shields, Ledner and Collier', '65363 Denesik Crescent Suite 627\nO\'Konborough, TX 17016-0471', '2024-02-15 19:33:40', '2024-02-15 19:33:40'),
(439, 'Thompson, Keeling and Rath', '926 Mayer Fields\nEast Antonettaborough, DC 27412-2031', '2024-02-15 19:33:40', '2024-02-15 19:33:40'),
(440, 'Marks-Connelly', '5909 Kovacek Lane Apt. 321\nKoeppfurt, NC 16608', '2024-02-15 19:33:40', '2024-02-15 19:33:40'),
(441, 'Goyette PLC', '586 Meggie Courts\nPort Savanahborough, DE 25898-4297', '2024-02-15 19:33:40', '2024-02-15 19:33:40'),
(442, 'D\'Amore-O\'Kon', '68044 Chasity Canyon\nLake Chaddberg, ID 31539-6378', '2024-02-15 19:33:40', '2024-02-15 19:33:40'),
(443, 'Grimes-Hartmann', '27586 Jast Villages Suite 916\nWest Carlotta, ND 20567', '2024-02-15 19:33:40', '2024-02-15 19:33:40'),
(444, 'Bahringer Ltd', '5274 Derek Cliffs Apt. 718\nNorth Dee, KS 43717', '2024-02-15 19:33:40', '2024-02-15 19:33:40'),
(445, 'Terry Group', '91993 Julian Loop Suite 317\nBryanamouth, UT 72950', '2024-02-15 19:33:40', '2024-02-15 19:33:40'),
(446, 'Yost LLC', '32771 Judy Forge Suite 834\nHegmannbury, MD 38805', '2024-02-15 19:33:40', '2024-02-15 19:33:40'),
(447, 'Heller Group', '772 Hackett Port Apt. 099\nLake Anibalfurt, NH 27386', '2024-02-15 19:33:40', '2024-02-15 19:33:40'),
(448, 'Klein, Rolfson and Kohler', '2003 Braun Mountain\nJairoview, NC 48117-7759', '2024-02-15 19:33:40', '2024-02-15 19:33:40'),
(449, 'Herzog-Krajcik', '335 Carolanne Hills\nNorth Williamfurt, IN 43054', '2024-02-15 19:33:40', '2024-02-15 19:33:40'),
(450, 'Padberg LLC', '219 Oberbrunner Unions Apt. 348\nNorth Rhoda, RI 17696', '2024-02-15 19:33:40', '2024-02-15 19:33:40'),
(451, 'Buckridge Ltd', '2962 Boyle Mountains\nEast Gretabury, FL 64290', '2024-02-15 19:33:40', '2024-02-15 19:33:40'),
(452, 'Torphy-Bartell', '83739 Henri Circle Suite 223\nAdolphusland, RI 49865-2879', '2024-02-15 19:33:40', '2024-02-15 19:33:40'),
(453, 'Ziemann-Nolan', '701 Johnston Parkways Apt. 780\nNew Danielle, ME 60551-1505', '2024-02-15 19:33:40', '2024-02-15 19:33:40'),
(454, 'Hane Group', '44523 Vandervort Trace\nHarberbury, AK 95407-7579', '2024-02-15 19:33:40', '2024-02-15 19:33:40'),
(455, 'Mohr and Sons', '9899 Corkery Lake Suite 995\nNew Kennyland, DE 44940', '2024-02-15 19:33:40', '2024-02-15 19:33:40'),
(456, 'Veum Group', '971 Greenholt Hollow\nTressaville, MN 93809', '2024-02-15 19:33:40', '2024-02-15 19:33:40'),
(457, 'Mills-Connelly', '354 Murray Station Apt. 582\nCrooksport, NJ 97832', '2024-02-15 19:33:40', '2024-02-15 19:33:40'),
(458, 'Dach and Sons', '5809 Dominic Road\nPort Gagetown, CT 06947', '2024-02-15 19:33:40', '2024-02-15 19:33:40'),
(459, 'Goldner, Tillman and Powlowski', '132 Haven Loaf Apt. 920\nNew Bridiemouth, NM 31321', '2024-02-15 19:33:40', '2024-02-15 19:33:40'),
(460, 'Morissette, Lockman and Bahringer', '717 Murphy Harbor\nNew Wilburn, MD 37455', '2024-02-15 19:33:40', '2024-02-15 19:33:40'),
(461, 'Daugherty Inc', '33512 Angus Street\nHilbertville, MN 25850', '2024-02-15 19:33:40', '2024-02-15 19:33:40'),
(462, 'Prosacco, Ward and Moen', '65134 Assunta Square Apt. 497\nSchadenberg, IL 91629-7233', '2024-02-15 19:33:40', '2024-02-15 19:33:40'),
(463, 'McLaughlin-Stiedemann', '9786 Collins Prairie Apt. 564\nReedfort, MN 70119', '2024-02-15 19:33:40', '2024-02-15 19:33:40'),
(464, 'Lubowitz, Langworth and Bradtke', '64869 Lester Corners\nPort Danial, KY 38112-7883', '2024-02-15 19:33:40', '2024-02-15 19:33:40'),
(465, 'Purdy-Kovacek', '706 Amara Manors\nMallietown, CO 08674', '2024-02-15 19:33:40', '2024-02-15 19:33:40'),
(466, 'Will-Cormier', '38837 Metz Coves\nLangberg, TX 73462-1955', '2024-02-15 19:33:40', '2024-02-15 19:33:40'),
(467, 'Littel Inc', '15884 Vincent Highway\nPort Marlenemouth, MS 28645', '2024-02-15 19:33:40', '2024-02-15 19:33:40'),
(468, 'Casper, O\'Conner and Breitenberg', '19451 Sawayn Green\nSageton, ID 35224-9428', '2024-02-15 19:33:40', '2024-02-15 19:33:40'),
(469, 'Kreiger-Rutherford', '17186 Rosenbaum Lock Apt. 548\nKalimouth, MS 14285-8019', '2024-02-15 19:33:40', '2024-02-15 19:33:40'),
(470, 'Satterfield LLC', '5427 Schinner Fork\nLarryfort, NV 12545-3774', '2024-02-15 19:33:40', '2024-02-15 19:33:40'),
(471, 'Schuppe Group', '982 Effertz Turnpike\nPort Justina, MN 69126-8177', '2024-02-15 19:33:40', '2024-02-15 19:33:40'),
(472, 'Crona, Towne and McDermott', '474 Sonya Falls\nKertzmannmouth, NJ 35773', '2024-02-15 19:33:40', '2024-02-15 19:33:40'),
(473, 'O\'Connell, Lynch and Gleichner', '157 Christelle Glen\nNew Perrybury, IN 19496', '2024-02-15 19:33:40', '2024-02-15 19:33:40'),
(474, 'Purdy, Johns and Stark', '424 Feest Loaf\nSouth Alvina, CO 65476', '2024-02-15 19:33:40', '2024-02-15 19:33:40'),
(475, 'Romaguera, Lueilwitz and Boyer', '223 Marks Views\nSouth Abbigailburgh, CT 06116-0099', '2024-02-15 19:33:40', '2024-02-15 19:33:40'),
(476, 'Hermann, Hessel and Larson', '426 Katarina Manors Suite 630\nPort Lenorafort, UT 35307-8562', '2024-02-15 19:33:40', '2024-02-15 19:33:40'),
(477, 'Sawayn, Gaylord and Hayes', '1643 Mayert Locks\nDamiontown, FL 63723-0051', '2024-02-15 19:33:40', '2024-02-15 19:33:40'),
(478, 'Jacobson, Altenwerth and McKenzie', '106 Hill Fords Apt. 797\nSouth Janetport, PA 20248', '2024-02-15 19:33:40', '2024-02-15 19:33:40'),
(479, 'Bruen, Jerde and Miller', '805 Lang Causeway Suite 848\nAnkundingstad, OK 71363-6653', '2024-02-15 19:33:40', '2024-02-15 19:33:40'),
(480, 'Casper, Daniel and Stokes', '1134 Cremin Lodge Apt. 358\nMadgechester, MA 11722-7665', '2024-02-15 19:33:40', '2024-02-15 19:33:40'),
(481, 'Pacocha-Grant', '2760 Smitham Ford\nPort Alisha, KS 51592-8472', '2024-02-15 19:33:40', '2024-02-15 19:33:40'),
(482, 'Hickle Group', '33162 Krajcik Landing\nLake Yvetteberg, WV 94252', '2024-02-15 19:33:40', '2024-02-15 19:33:40'),
(483, 'Kiehn, Schulist and West', '880 Carolyne Garden Suite 240\nLoweshire, ID 38105', '2024-02-15 19:33:40', '2024-02-15 19:33:40'),
(484, 'Emmerich PLC', '574 Emmerich Center\nKlingbury, HI 43494', '2024-02-15 19:33:40', '2024-02-15 19:33:40'),
(485, 'Kerluke, Gibson and Wolff', '833 Aylin Club Suite 331\nPort Jayden, CT 37011', '2024-02-15 19:33:40', '2024-02-15 19:33:40'),
(486, 'Purdy-Treutel', '63761 Homenick Estate\nSouth Roycemouth, ID 80319', '2024-02-15 19:33:40', '2024-02-15 19:33:40'),
(487, 'Marvin, Wisoky and Lehner', '7111 Ruthie Overpass\nLake Kathlynview, AR 10369-8909', '2024-02-15 19:33:40', '2024-02-15 19:33:40'),
(488, 'Torp-Corwin', '41752 Heller Parkways\nPort Kaylee, NJ 65043-1188', '2024-02-15 19:33:40', '2024-02-15 19:33:40'),
(489, 'Parisian, Hartmann and McGlynn', '4351 Dayna Island\nPort Helene, NV 12607', '2024-02-15 19:33:40', '2024-02-15 19:33:40'),
(490, 'Schmeler LLC', '58577 Paxton Turnpike\nDarrionport, FL 85438-2833', '2024-02-15 19:33:40', '2024-02-15 19:33:40'),
(491, 'Daniel, Nikolaus and Pouros', '308 Saul Mission Suite 132\nLake Jeanne, WY 37924-6333', '2024-02-15 19:33:40', '2024-02-15 19:33:40'),
(492, 'Stoltenberg Ltd', '26433 Jacquelyn Extension\nJaystad, MA 21268-0607', '2024-02-15 19:33:40', '2024-02-15 19:33:40'),
(493, 'Runolfsson, Gleason and Murphy', '663 Mertz Path Apt. 553\nWest Kellishire, WV 77169-2873', '2024-02-15 19:33:40', '2024-02-15 19:33:40'),
(494, 'Batz Ltd', '3430 Bernie Trail\nElliotport, MS 77139-8329', '2024-02-15 19:33:40', '2024-02-15 19:33:40'),
(495, 'Pfeffer, Veum and Weimann', '4360 Edgardo Plains Suite 785\nTraceytown, CT 44735-0108', '2024-02-15 19:33:40', '2024-02-15 19:33:40'),
(496, 'Lakin Inc', '2458 Shea Course Apt. 898\nAlyciachester, WY 09642', '2024-02-15 19:33:40', '2024-02-15 19:33:40'),
(497, 'Kerluke Group', '693 Haleigh Springs Suite 631\nNew Cristina, MO 65916', '2024-02-15 19:33:40', '2024-02-15 19:33:40'),
(498, 'Davis-Welch', '7386 Huel Tunnel Apt. 464\nPort Keanu, ME 51121', '2024-02-15 19:33:40', '2024-02-15 19:33:40'),
(499, 'Weissnat, McGlynn and Gottlieb', '4087 Wilkinson Via Apt. 364\nMaiyaborough, MO 94479', '2024-02-15 19:33:40', '2024-02-15 19:33:40'),
(500, 'Macejkovic PLC', '168 Dallin Pines\nRickfurt, LA 86145', '2024-02-15 19:33:40', '2024-02-15 19:33:40');

-- --------------------------------------------------------

--
-- Table structure for table `users`
--

CREATE TABLE `users` (
  `id` bigint(20) UNSIGNED NOT NULL,
  `name` varchar(255) NOT NULL,
  `email` varchar(255) NOT NULL,
  `email_verified_at` timestamp NULL DEFAULT NULL,
  `password` varchar(255) NOT NULL,
  `remember_token` varchar(100) DEFAULT NULL,
  `created_at` timestamp NULL DEFAULT NULL,
  `updated_at` timestamp NULL DEFAULT NULL
) ENGINE=InnoDB DEFAULT CHARSET=utf8mb4 COLLATE=utf8mb4_unicode_ci;

--
-- Indexes for dumped tables
--

--
-- Indexes for table `drugs`
--
ALTER TABLE `drugs`
  ADD PRIMARY KEY (`id`),
  ADD KEY `drugs_supplier_id_foreign` (`supplier_id`);

--
-- Indexes for table `failed_jobs`
--
ALTER TABLE `failed_jobs`
  ADD PRIMARY KEY (`id`),
  ADD UNIQUE KEY `failed_jobs_uuid_unique` (`uuid`);

--
-- Indexes for table `migrations`
--
ALTER TABLE `migrations`
  ADD PRIMARY KEY (`id`);

--
-- Indexes for table `password_reset_tokens`
--
ALTER TABLE `password_reset_tokens`
  ADD PRIMARY KEY (`email`);

--
-- Indexes for table `personal_access_tokens`
--
ALTER TABLE `personal_access_tokens`
  ADD PRIMARY KEY (`id`),
  ADD UNIQUE KEY `personal_access_tokens_token_unique` (`token`),
  ADD KEY `personal_access_tokens_tokenable_type_tokenable_id_index` (`tokenable_type`,`tokenable_id`);

--
-- Indexes for table `sales`
--
ALTER TABLE `sales`
  ADD PRIMARY KEY (`id`),
  ADD KEY `sales_drug_id_foreign` (`drug_id`);

--
-- Indexes for table `suppliers`
--
ALTER TABLE `suppliers`
  ADD PRIMARY KEY (`id`);

--
-- Indexes for table `users`
--
ALTER TABLE `users`
  ADD PRIMARY KEY (`id`),
  ADD UNIQUE KEY `users_email_unique` (`email`);

--
-- AUTO_INCREMENT for dumped tables
--

--
-- AUTO_INCREMENT for table `drugs`
--
ALTER TABLE `drugs`
  MODIFY `id` bigint(20) UNSIGNED NOT NULL AUTO_INCREMENT, AUTO_INCREMENT=501;

--
-- AUTO_INCREMENT for table `failed_jobs`
--
ALTER TABLE `failed_jobs`
  MODIFY `id` bigint(20) UNSIGNED NOT NULL AUTO_INCREMENT;

--
-- AUTO_INCREMENT for table `migrations`
--
ALTER TABLE `migrations`
  MODIFY `id` int(10) UNSIGNED NOT NULL AUTO_INCREMENT, AUTO_INCREMENT=8;

--
-- AUTO_INCREMENT for table `personal_access_tokens`
--
ALTER TABLE `personal_access_tokens`
  MODIFY `id` bigint(20) UNSIGNED NOT NULL AUTO_INCREMENT;

--
-- AUTO_INCREMENT for table `sales`
--
ALTER TABLE `sales`
  MODIFY `id` bigint(20) UNSIGNED NOT NULL AUTO_INCREMENT, AUTO_INCREMENT=501;

--
-- AUTO_INCREMENT for table `suppliers`
--
ALTER TABLE `suppliers`
  MODIFY `id` bigint(20) UNSIGNED NOT NULL AUTO_INCREMENT, AUTO_INCREMENT=501;

--
-- AUTO_INCREMENT for table `users`
--
ALTER TABLE `users`
  MODIFY `id` bigint(20) UNSIGNED NOT NULL AUTO_INCREMENT;

--
-- Constraints for dumped tables
--

--
-- Constraints for table `drugs`
--
ALTER TABLE `drugs`
  ADD CONSTRAINT `drugs_supplier_id_foreign` FOREIGN KEY (`supplier_id`) REFERENCES `suppliers` (`id`) ON DELETE SET NULL;

--
-- Constraints for table `sales`
--
ALTER TABLE `sales`
  ADD CONSTRAINT `sales_drug_id_foreign` FOREIGN KEY (`drug_id`) REFERENCES `drugs` (`id`) ON DELETE CASCADE;
COMMIT;

/*!40101 SET CHARACTER_SET_CLIENT=@OLD_CHARACTER_SET_CLIENT */;
/*!40101 SET CHARACTER_SET_RESULTS=@OLD_CHARACTER_SET_RESULTS */;
/*!40101 SET COLLATION_CONNECTION=@OLD_COLLATION_CONNECTION */;
